位	渭	蠄1	蠄2	蠅1	蠅2	tree_length	n_extinct
0.7082304595030879	0.3133304752448085	5.370934774359886	0.48070632127675034	2.26671014571084	1.0017451228283971	6.805039999750157	2
