位	渭	蠄1	蠄2	蠅1	蠅2	tree_length	n_extinct
2.7207900744619273	1.28354186745098	0.572861934884917	3.1061531145864527	1.1122447634370212	0.5538544810569346	12.65214635496695	19
