位	渭	蠄1	蠄2	蠅1	蠅2	tree_length	n_extinct
3.5791729600320847	1.5076793612619235	0.07466251787332012	2.54534837920643	1.4472568708036304	0.5561689395994237	22.59853089889301	30
