位	渭	蠄1	蠄2	蠅1	蠅2	tree_length	n_extinct
1.1282980602039825	0.6188800605249225	0.5913891374346828	0.495120265673659	1.2179870862878706	0.15593308535667327	3.1115413356590342	3
