位	渭	蠄1	蠄2	蠅1	蠅2	tree_length	n_extinct
0.11932106273671272	0.40354527547404717	0.4327248941674597	0.8432372773556583	0.4640107330491613	0.16539310873075722	2.0	0
