位	渭	蠄1	蠄2	蠅1	蠅2	tree_length	n_extinct
0.09366185788162867	0.4097692135547571	0.6438985846022374	1.0083536218745348	2.7881718329617042	0.40453379080774954	2.315626482307856	1
