位	渭	蠄1	蠄2	蠅1	蠅2	tree_length	n_extinct
0.9369203239225192	0.36460439848969334	0.5925641419260934	1.621444731675174	0.9939468909090508	1.0574636261166488	2.0	0
