位	渭	蠄1	蠄2	蠅1	蠅2	tree_length	n_extinct
0.14855530173520057	0.07836219473270285	2.3130239545238283	0.10444720981611115	0.29899167104563473	2.5461034363864696	2.0	0
