位	渭	蠄1	蠄2	蠅1	蠅2	tree_length	n_extinct
1.1111671863072812	0.21174801731999518	0.6991576580274488	0.6331058681804109	0.5604671027514696	1.8982799751603496	3.792506081623564	1
