位	渭	蠄1	蠄2	蠅1	蠅2	tree_length	n_extinct
0.935302899577193	0.18137019133343785	0.2580425500093288	1.17092179614986	2.200370473072882	1.473023688656537	3.6729832678432297	1
