位	渭	蠄1	蠄2	蠅1	蠅2	tree_length	n_extinct
0.5003891285815697	1.0601440027736952	1.4145807346486532	0.9983146048109506	0.2610762150747599	2.1418923052828776	5.473284615650696	4
