位	渭	蠄1	蠄2	蠅1	蠅2	tree_length	n_extinct
1.245263132257257	0.6138812885244529	3.442231503197333	1.1566396830587133	1.1370586884052807	5.813452491465796	5.37265433516875	2
