位	渭	蠄1	蠄2	蠅1	蠅2	tree_length	n_extinct
0.472222412138269	0.6766346612522314	1.0709496646418928	0.3856549235263422	4.729742865436393	0.21558482097234433	1.9999999999999996	0
