位	渭	蠄1	蠄2	蠅1	蠅2	tree_length	n_extinct
0.012530389674826338	0.2823282587436535	0.48402321173332924	0.34773303259242877	0.05071484311735485	0.14634550599789373	2.0	0
