位	渭	蠄1	蠄2	蠅1	蠅2	tree_length	n_extinct
0.6043812081297464	0.05934731231480583	0.629074667967133	0.16438253591395507	1.306190823047357	1.2572754566852118	6.317904361618018	0
