位	渭	蠄1	蠄2	蠅1	蠅2	tree_length	n_extinct
3.3250355967012952	0.48165824131372464	0.9485889810329492	1.8150139101173295	0.7707452414593334	1.9719722642023343	39.99876471532828	19
