位	渭	蠄1	蠄2	蠅1	蠅2	tree_length	n_extinct
1.1365733426214581	0.6613372425994974	0.4511296389686938	0.36422668054977386	2.088344509431131	1.964170738336321	9.94656506349028	4
