位	渭	蠄1	蠄2	蠅1	蠅2	tree_length	n_extinct
2.209194750414444	0.6346368509579616	0.8900106807781779	1.9363280107065162	0.07881706768603841	1.544885552126177	14.069793357041998	10
