位	渭	蠄1	蠄2	蠅1	蠅2	tree_length	n_extinct
1.1625026441982735	0.08528474109316464	0.32765937731507927	0.9726715291850387	0.5334189430720373	2.1658141652618816	4.802935759812723	0
