位	渭	蠄1	蠄2	蠅1	蠅2	tree_length	n_extinct
0.20370802981776245	0.3495997407134644	2.6926967770241284	0.9708281067874157	4.840261736240517	1.2237122628930526	2.0	0
