位	渭	蠄1	蠄2	蠅1	蠅2	tree_length	n_extinct
0.9995443916209839	0.7406694110989321	2.0638926611172743	1.3590400094721329	1.6917387312183907	5.137473778256132	2.8114609324714013	0
