位	渭	蠄1	蠄2	蠅1	蠅2	tree_length	n_extinct
0.049385112665036694	0.18878367948664138	0.08572090488903422	1.6859112938431147	0.6455031488407184	1.9494211527299294	2.0	0
