位	渭	蠄1	蠄2	蠅1	蠅2	tree_length	n_extinct
2.5471410718711787	0.4819960806662273	1.0941683409751872	1.905701951828604	1.5274798062956856	2.2591862743977997	62.38249093047257	25
