位	渭	蠄1	蠄2	蠅1	蠅2	tree_length	n_extinct
1.7263329672601937	0.538057394444331	0.921439835710033	0.8536862917349447	0.20103574222103196	2.9710736235132313	37.22743210214757	18
