位	渭	蠄1	蠄2	蠅1	蠅2	tree_length	n_extinct
1.4845306121198074	1.1431559989230373	5.019391310351782	1.002843554602229	0.4931562604726756	0.4678925051094541	24.82338564815018	18
