位	渭	蠄1	蠄2	蠅1	蠅2	tree_length	n_extinct
0.11186890683123295	0.21623358756607294	0.08338414659699152	2.036552311048905	0.5304650814717324	2.2015238914769077	3.5061856497152317	0
