位	渭	蠄1	蠄2	蠅1	蠅2	tree_length	n_extinct
1.0131889360246782	3.3796638443311515	0.7525479794288596	0.6866726058269778	0.5150634662281394	1.970000480251449	3.7085576340191997	7
