位	渭	蠄1	蠄2	蠅1	蠅2	tree_length	n_extinct
1.9595159812143736	0.15044931193526206	0.03179455558854331	1.4589077638115675	0.8890257324959481	1.8395067761000883	14.044953039748805	2
