位	渭	蠄1	蠄2	蠅1	蠅2	tree_length	n_extinct
1.0034173109685223	0.18624364055290657	2.189426498151181	1.0456970958042584	1.2992599922339219	1.337176257436749	6.6000249510767794	4
