位	渭	蠄1	蠄2	蠅1	蠅2	tree_length	n_extinct
0.43163645759377073	0.03144538340988272	2.0147068050700288	3.2957708605207867	2.8368406498064003	2.906205741799245	3.168353425787105	0
