位	渭	蠄1	蠄2	蠅1	蠅2	tree_length	n_extinct
0.9823297092118723	0.29578992813428434	0.362586516391675	0.5346038970409048	5.1273372231007635	4.324020989903608	9.762624904275617	6
