位	渭	蠄1	蠄2	蠅1	蠅2	tree_length	n_extinct
0.06269965009829148	0.6446858449944384	0.6466238059747804	0.04708634130865287	0.17204156370450513	0.39968136746089583	2.0	0
