位	渭	蠄1	蠄2	蠅1	蠅2	tree_length	n_extinct
0.5973430771759268	0.4819724644682515	0.19437136887850295	1.5703815310851135	0.5486954819618102	1.898611553379113	2.3987088658952387	1
