位	渭	蠄1	蠄2	蠅1	蠅2	tree_length	n_extinct
0.474896002105649	0.4240384556149924	1.5019211168303281	0.2992471691823205	2.3392269806948702	1.0151954894473663	2.0	0
