位	渭	蠄1	蠄2	蠅1	蠅2	tree_length	n_extinct
0.3536686701831769	0.43844188841719806	1.3081224398219264	0.0842535922374566	2.831877230018537	0.033177443556741223	2.536404270784187	1
