位	渭	蠄1	蠄2	蠅1	蠅2	tree_length	n_extinct
1.8155143560194626	0.3200436486309592	1.4669436581796567	0.13660169614625267	0.561444163835257	3.3878316576892598	6.556342126443952	1
