位	渭	蠄1	蠄2	蠅1	蠅2	tree_length	n_extinct
0.7677213399181995	0.14692479339295075	0.14370868649463145	1.968499231644004	0.8527346028349718	0.15772308297444632	3.338792425983471	0
