位	渭	蠄1	蠄2	蠅1	蠅2	tree_length	n_extinct
0.19774773535642834	0.7319019472980081	0.0942870707208057	0.303035189293206	0.07205907308723791	1.6121508273540226	2.1045156122127517	1
