位	渭	蠄1	蠄2	蠅1	蠅2	tree_length	n_extinct
1.1608103181221268	0.41288201882381004	0.14122574925894033	1.6817864461049659	2.8480962176393985	0.9118873778790988	7.028624426179163	3
