位	渭	蠄1	蠄2	蠅1	蠅2	tree_length	n_extinct
3.231126788396964	0.5391192786448976	1.4339262066407077	0.0874885284527258	5.404080064410036	4.900040504893179	47.492666873233475	27
