位	渭	蠄1	蠄2	蠅1	蠅2	tree_length	n_extinct
0.04113672747504721	1.21396386175955	0.6143802035043846	2.5390301534759865	0.36460723915821236	0.12663177616970833	2.0	0
