位	渭	蠄1	蠄2	蠅1	蠅2	tree_length	n_extinct
1.106965385058497	0.2572779696199283	0.6156347615529401	0.1116016465927158	5.302614291666657	0.009398391661241949	4.602460384613878	1
