位	渭	蠄1	蠄2	蠅1	蠅2	tree_length	n_extinct
0.9976869876539749	0.3880539316939899	2.7574249873336383	1.3963606832238014	1.7902447320033517	0.4325991030352751	2.317874068417483	1
