位	渭	蠄1	蠄2	蠅1	蠅2	tree_length	n_extinct
1.1079707260271465	0.16115764950596168	0.8962091826339837	0.40179974467864954	5.817077476975329	1.0112225943099256	5.870854167969408	1
