位	渭	蠄1	蠄2	蠅1	蠅2	tree_length	n_extinct
1.7835881191662468	1.1503692479008163	1.8779781077896556	0.9436989781750748	3.124021272851278	0.8869839298209681	12.180724266873614	18
