位	渭	蠄1	蠄2	蠅1	蠅2	tree_length	n_extinct
0.5286283737404205	0.2670764571821926	0.7440972550764281	1.0544072640422644	3.103873872058933	3.5478929797865777	9.774820142190876	1
