位	渭	蠄1	蠄2	蠅1	蠅2	tree_length	n_extinct
0.22361956674120007	0.2917434915663268	0.08337316309995188	0.6089653994858111	0.581188636448344	4.526190968961806	2.1939528363861407	1
