位	渭	蠄1	蠄2	蠅1	蠅2	tree_length	n_extinct
0.47619654264480626	0.029571965670527306	0.715639745320082	0.15548572621973503	1.5329926077165017	0.4111952800871806	2.703500951693074	0
