位	渭	蠄1	蠄2	蠅1	蠅2	tree_length	n_extinct
1.128801526027313	0.09095648238662181	1.8255054507250041	2.615771514905156	1.613557822382647	5.6697450763030055	9.792495336395833	2
