位	渭	蠄1	蠄2	蠅1	蠅2	tree_length	n_extinct
0.5364996194733459	0.19389692961290833	1.5052900092830541	0.4966900646425076	0.9580601035885676	6.206432471219502	2.8000383460018736	0
