位	渭	蠄1	蠄2	蠅1	蠅2	tree_length	n_extinct
0.30025185808561616	0.36656649916243955	0.19509382175981044	0.7082357180952232	1.501147749746475	6.22644956171944	2.9559154317110083	0
