位	渭	蠄1	蠄2	蠅1	蠅2	tree_length	n_extinct
1.4397908788871308	0.2454767921639921	1.0385237061027477	0.5521192521633089	2.760466224430343	5.360014221500697	9.452341215521583	2
