位	渭	蠄1	蠄2	蠅1	蠅2	tree_length	n_extinct
0.9766180045785173	0.006772454122730646	0.2543823978095267	0.01882196977567572	0.013503224969369546	1.015780724395732	20.408676922978785	0
