位	渭	蠄1	蠄2	蠅1	蠅2	tree_length	n_extinct
2.192387099527986	0.15134173148064778	0.13107559520502404	0.005726011701363711	0.24898914391658178	0.897047583169971	14.469036690330649	3
