位	渭	蠄1	蠄2	蠅1	蠅2	tree_length	n_extinct
1.203315432806366	1.1347050205233882	0.11670586414333495	1.0182793367914926	1.4903091378215867	3.5788467376874107	3.3806186280349877	3
