位	渭	蠄1	蠄2	蠅1	蠅2	tree_length	n_extinct
0.16400428950574536	0.009941776860311564	0.017353172047473806	3.020567459161241	0.014055145494161094	1.7539866540422782	2.0	0
