位	渭	蠄1	蠄2	蠅1	蠅2	tree_length	n_extinct
0.17069381069765024	0.19887002698832015	0.7266450345705412	1.0221390769320386	1.656112907148235	4.822984445361057	2.0	0
