位	渭	蠄1	蠄2	蠅1	蠅2	tree_length	n_extinct
1.3527904580682282	1.0177837231834608	0.4874225381140256	1.4189874902203568	2.886555744505964	4.1209069144810515	5.121347962184013	4
