位	渭	蠄1	蠄2	蠅1	蠅2	tree_length	n_extinct
0.24269647577651418	0.5974818175330601	0.04017250917845177	0.30568104383252137	5.832814393972508	2.3180682293807995	2.0	0
