位	渭	蠄1	蠄2	蠅1	蠅2	tree_length	n_extinct
1.5918843690297753	0.34501060230579556	2.2829670349378404	0.31326933783624755	1.3171169223936559	8.001694219700793	9.310191951132703	3
