位	渭	蠄1	蠄2	蠅1	蠅2	tree_length	n_extinct
1.700770994319307	0.266095073086727	0.7034241888008838	0.7136339874169025	1.5202461782637504	2.423346310040345	3.567635968005394	1
