位	渭	蠄1	蠄2	蠅1	蠅2	tree_length	n_extinct
1.327990732381898	0.06138010274274035	1.605463015475999	0.3387478703429743	0.7549365638027987	0.26449396710421985	3.604230286751812	1
