位	渭	蠄1	蠄2	蠅1	蠅2	tree_length	n_extinct
2.378341466250949	1.295792309175334	0.2201475382009682	2.108925591019004	1.834910610992007	1.3721851680304058	3.365463484359971	3
