位	渭	蠄1	蠄2	蠅1	蠅2	tree_length	n_extinct
3.460936126558742	0.3627899422478969	2.7019228068470236	0.3204387677413535	1.2706563535436846	0.5338454037304962	5.425171010386361	2
