位	渭	蠄1	蠄2	蠅1	蠅2	tree_length	n_extinct
0.9728974668830589	0.6921588549970674	1.244249860205654	2.5978245733399716	1.2892389224375156	1.7313762081594712	2.5726336130091023	1
