位	渭	蠄1	蠄2	蠅1	蠅2	tree_length	n_extinct
0.20237546068278917	0.04315703605929796	0.5126709579153523	0.6888406129973105	1.2947974780518086	0.21203440612308122	2.0	0
