位	渭	蠄1	蠄2	蠅1	蠅2	tree_length	n_extinct
0.3868000219414702	0.30422992092946993	2.7278721559160077	3.476409647414799	0.6045596397937271	1.6989596571359311	1.9999999999999996	0
