位	渭	蠄1	蠄2	蠅1	蠅2	tree_length	n_extinct
1.6164010565424638	0.4249762130913134	1.1072901513522864	1.0066571673753038	0.16377093939408138	7.5076422146396204	2.970913341900642	1
