位	渭	蠄1	蠄2	蠅1	蠅2	tree_length	n_extinct
1.2359558851461814	0.361627250327971	1.1799327712134668	0.16345134669736397	1.58412366203852	0.14329185104434222	8.979168565246706	3
