位	渭	蠄1	蠄2	蠅1	蠅2	tree_length	n_extinct
1.0695395296633141	0.3299984981227165	0.850777322849939	0.7341562878355424	0.9447644282448531	2.5824024602183706	3.6065488807328197	2
