位	渭	蠄1	蠄2	蠅1	蠅2	tree_length	n_extinct
0.2668675604438638	0.6290121675381494	0.68336864023227	0.9085001791524977	1.2628128795907039	0.3714838820822153	2.0358212711682433	1
