位	渭	蠄1	蠄2	蠅1	蠅2	tree_length	n_extinct
2.3803870307024386	0.913741001611346	0.27407538451749597	0.17083098801901844	1.0323692742010306	7.4975770454455155	31.94055077723594	24
