位	渭	蠄1	蠄2	蠅1	蠅2	tree_length	n_extinct
0.7076225561775367	0.4198991803730027	1.7625911091065107	1.6200517765510705	0.2452994452988036	0.30156217273918945	2.001606444815537	1
