位	渭	蠄1	蠄2	蠅1	蠅2	tree_length	n_extinct
2.4429941422664396	1.7789323346435246	0.0015694990964886467	0.6606385522147323	6.85853750617339	2.522513190939712	8.394533804451127	14
