位	渭	蠄1	蠄2	蠅1	蠅2	tree_length	n_extinct
0.7530575672386658	0.10312487401106285	0.08916201041707839	2.596951497222525	0.9467169731157692	0.18024966134396675	2.0	0
