位	渭	蠄1	蠄2	蠅1	蠅2	tree_length	n_extinct
2.033097189759512	0.7521979634953823	2.79551481097382	0.6002054625706266	0.3461394807356773	5.404330594857125	58.14053176661405	45
