位	渭	蠄1	蠄2	蠅1	蠅2	tree_length	n_extinct
1.208733630903815	0.28553729253778365	0.663204727792918	1.3391933200884067	2.321400301357849	0.2661703243681506	2.7297137404924974	1
