位	渭	蠄1	蠄2	蠅1	蠅2	tree_length	n_extinct
0.5100179034629165	0.22822821940998192	0.9529846895131595	0.20126334039068172	0.2593384013850337	1.5889458439898212	2.0	0
