位	渭	蠄1	蠄2	蠅1	蠅2	tree_length	n_extinct
1.9527714742608968	0.3394635119857721	0.08171507322638971	0.07955590589905044	0.8859562908673903	0.15883395699400277	13.354578697748911	6
