位	渭	蠄1	蠄2	蠅1	蠅2	tree_length	n_extinct
0.0856431179606234	0.8154731800899487	0.3844337161920026	0.014021618653650493	0.4293758897951475	0.5704208466771994	2.0	0
