位	渭	蠄1	蠄2	蠅1	蠅2	tree_length	n_extinct
0.5457894356888996	0.16799271652656325	1.1557073661225674	1.1069025102635417	0.5667183305531165	0.7261963947180592	2.0	0
