位	渭	蠄1	蠄2	蠅1	蠅2	tree_length	n_extinct
0.17307398399958912	0.09876289908461203	0.5699281864774176	0.30541622723823764	4.502468982061125	4.217806448316966	1.9999999999999996	0
