位	渭	蠄1	蠄2	蠅1	蠅2	tree_length	n_extinct
1.321436570911962	0.14594092437669362	0.7126460509797162	0.2546455692479285	0.3653878329687502	2.826438082928708	9.492944772367819	1
