位	渭	蠄1	蠄2	蠅1	蠅2	tree_length	n_extinct
0.10485003528667738	0.4395475267771416	3.727066558690324	0.2363752584712548	0.13171532518348958	2.0602524675914875	5.392749793475554	0
