位	渭	蠄1	蠄2	蠅1	蠅2	tree_length	n_extinct
2.495505735285911	0.26604151344289223	0.7827915140404619	0.019593747752479202	0.5132285439963716	1.1103642899329105	51.636137095702075	7
