位	渭	蠄1	蠄2	蠅1	蠅2	tree_length	n_extinct
1.6469423523280662	0.147698157714968	0.9713366553531986	0.06479119127000481	1.8576272983742474	3.501214743622876	10.882329562494377	1
