位	渭	蠄1	蠄2	蠅1	蠅2	tree_length	n_extinct
0.016491519418872953	0.38223500444317854	0.2017140885126895	0.0610461474143963	2.1204882833081857	1.4359501176129903	2.0	0
