位	渭	蠄1	蠄2	蠅1	蠅2	tree_length	n_extinct
0.015637021400289188	1.0273459147483381	1.434945801008592	1.215562343493226	1.0646224108253102	4.366071029397936	2.0	0
