位	渭	蠄1	蠄2	蠅1	蠅2	tree_length	n_extinct
1.9971395654694137	0.21780966503162663	1.1636492503505815	0.3123902560443359	8.357058959295175	1.721169466371087	18.470701908292167	1
