位	渭	蠄1	蠄2	蠅1	蠅2	tree_length	n_extinct
0.43322411986967274	0.01916228874881491	2.1796299710298555	4.183489112185396	1.4853001811794475	0.7167834365900261	3.446744746429281	1
