位	渭	蠄1	蠄2	蠅1	蠅2	tree_length	n_extinct
0.2976930719507186	0.5102416939156481	0.5798158004376741	0.22567206398395273	4.164203654949226	1.5943724464642752	2.313139084113569	1
