位	渭	蠄1	蠄2	蠅1	蠅2	tree_length	n_extinct
0.4013951880641401	0.44194517316829907	0.6131094536089023	0.027361666774542482	0.3616663320507412	0.9354310351097608	2.0	0
