位	渭	蠄1	蠄2	蠅1	蠅2	tree_length	n_extinct
0.08291705570945007	0.08841901512760941	0.22777884462802267	1.3886203930914045	3.486344772267275	1.0885839299832911	2.0	0
