位	渭	蠄1	蠄2	蠅1	蠅2	tree_length	n_extinct
1.4725220200905489	0.5086488604492307	0.18824366600034914	0.3224570102879308	2.7782442524796864	0.18036419032231407	12.357263590042393	3
