位	渭	蠄1	蠄2	蠅1	蠅2	tree_length	n_extinct
1.3536313854837023	0.3424017238029904	1.5404423027589134	0.6868338528502036	9.73290707185247	0.8972051790304293	6.331805420739849	1
