位	渭	蠄1	蠄2	蠅1	蠅2	tree_length	n_extinct
1.820870160398037	0.27072848324753196	2.580538854354126	0.6907256647873017	1.6186302772046712	0.30351091573701744	16.908473170799553	7
