位	渭	蠄1	蠄2	蠅1	蠅2	tree_length	n_extinct
0.06835341298109973	0.09120217986153295	0.07836671244778762	1.1725373675577127	7.2651875715430165	6.004666732615928	1.9999999999999998	0
