位	渭	蠄1	蠄2	蠅1	蠅2	tree_length	n_extinct
0.07836237867127475	0.7640002527940761	0.16364191757573182	0.008299410586492372	1.7729977824528025	1.706310037732292	2.0	0
