位	渭	蠄1	蠄2	蠅1	蠅2	tree_length	n_extinct
0.07609245039691603	0.17558504089150995	0.3800090415855112	0.6696313349230749	0.875029005523027	1.2451057482117251	2.0	0
