位	渭	蠄1	蠄2	蠅1	蠅2	tree_length	n_extinct
1.0512964869976482	0.2901351895654922	0.5363211779985677	0.1386878487042607	2.232126985947548	0.7195098460205074	14.594492085309753	5
