位	渭	蠄1	蠄2	蠅1	蠅2	tree_length	n_extinct
0.6737550437799554	0.2731170732821907	0.4276842930964613	1.7926848147335015	0.16424740012662017	2.3836338387108467	2.0	0
