位	渭	蠄1	蠄2	蠅1	蠅2	tree_length	n_extinct
0.8116722547569614	0.3735438659186583	1.7172245879739043	1.8441698446519537	6.150239397965491	7.091313657260336	4.231871737327604	2
