位	渭	蠄1	蠄2	蠅1	蠅2	tree_length	n_extinct
0.6165055702115487	0.125148931826804	1.0323542002042645	0.4226742716376056	1.388300107433824	2.931236459125605	2.0	0
