位	渭	蠄1	蠄2	蠅1	蠅2	tree_length	n_extinct
0.039999148050302843	0.11896961566063237	0.031038150859843145	0.20501943278911292	7.044170462928128	2.656643788437816	1.9999999999999998	0
