位	渭	蠄1	蠄2	蠅1	蠅2	tree_length	n_extinct
0.4318293599258128	0.19492589174317806	1.2668532578210492	0.198639857851408	0.3341020454480243	0.16146600190832583	3.3338347737863483	0
