位	渭	蠄1	蠄2	蠅1	蠅2	tree_length	n_extinct
0.12067885185368557	0.1204986341690136	0.38605916415076635	0.10754459351901072	2.6307021462943445	0.5120327493115135	2.0	0
