位	渭	蠄1	蠄2	蠅1	蠅2	tree_length	n_extinct
0.8197123837132441	0.2714417278797315	0.37940667849241827	0.7587128225738634	2.3931692186985822	8.93829363638587	6.864394826782736	3
