位	渭	蠄1	蠄2	蠅1	蠅2	tree_length	n_extinct
2.3693617700221985	0.3889949194564125	0.41071284900298155	0.40791648488598253	0.2012229344346255	0.42473702331455204	40.51567418713434	20
