位	渭	蠄1	蠄2	蠅1	蠅2	tree_length	n_extinct
0.5554844406761514	0.8080943715289709	0.14445937963213087	0.17808949996181067	0.10765747691249122	1.6625698962919204	4.587865843387636	3
