位	渭	蠄1	蠄2	蠅1	蠅2	tree_length	n_extinct
1.2094977501087496	0.006147542684334354	0.29212462045104054	1.4812031320012957	0.17032395116599325	0.7523975237132408	18.847456540331518	0
