位	渭	蠄1	蠄2	蠅1	蠅2	tree_length	n_extinct
1.6592725494176912	0.4264564810123707	0.5849356023375972	1.3439850817687147	3.640545014191255	1.2954458109255045	16.418985611943082	6
