位	渭	蠄1	蠄2	蠅1	蠅2	tree_length	n_extinct
1.0861898186737649	0.04100283316022226	0.22829444431256077	0.2895036884725839	1.3305866943427995	1.5165147681353195	2.0	0
