位	渭	蠄1	蠄2	蠅1	蠅2	tree_length	n_extinct
0.6939210559262287	0.9605361464225448	3.26343280725586	0.3385451070823991	2.7067869795974873	2.1955784125125626	2.0	0
