位	渭	蠄1	蠄2	蠅1	蠅2	tree_length	n_extinct
1.517947108170827	0.3607440457328849	0.533604390659217	0.03432432743667459	0.0046937171224448486	1.3275108505102757	21.613509674451056	7
