位	渭	蠄1	蠄2	蠅1	蠅2	tree_length	n_extinct
0.32173311697809975	0.026007144864574467	0.07973311745079217	1.16529259135721	1.9851330499153248	2.200695112724288	2.0	0
