位	渭	蠄1	蠄2	蠅1	蠅2	tree_length	n_extinct
0.11132402925694367	0.26135453480338183	0.706131155245114	1.789889228380243	1.7855166913883755	7.740819781882591	2.1870856887466723	1
