位	渭	蠄1	蠄2	蠅1	蠅2	tree_length	n_extinct
0.6926593038239206	0.03351192130390793	2.056685861018661	1.2619994877801357	0.4728637440154214	1.2398554998049065	2.9889253381390986	0
