位	渭	蠄1	蠄2	蠅1	蠅2	tree_length	n_extinct
0.17779042599303393	1.8509551300855	0.5538456923183626	1.3127564277096058	0.580322231172722	1.2040657989838295	2.0	0
