位	渭	蠄1	蠄2	蠅1	蠅2	tree_length	n_extinct
0.22480343998640115	0.8941052264151	0.992804018882125	1.1061880138473141	1.7932721986911877	0.9927545801591231	2.0	0
