位	渭	蠄1	蠄2	蠅1	蠅2	tree_length	n_extinct
2.1693817280529553	0.5463615355868392	1.4561416282868662	0.44163373544142953	2.0092053905354645	4.98945646724934	40.380415733851116	23
