位	渭	蠄1	蠄2	蠅1	蠅2	tree_length	n_extinct
0.8419424822992583	0.06667677798687174	2.842481353320156	2.81508948106306	6.030860273344602	1.0915232709855907	1.9999999999999998	0
