位	渭	蠄1	蠄2	蠅1	蠅2	tree_length	n_extinct
1.5530204317538208	0.8204366914107861	0.25424813272764385	2.2293676312239974	0.6790118333290146	0.9778302028115221	2.0	0
