位	渭	蠄1	蠄2	蠅1	蠅2	tree_length	n_extinct
1.0002611127112464	1.2007553223208984	1.8906243359887909	3.1116631471551424	2.2732217402465817	0.546305279212128	5.19279790657074	5
