位	渭	蠄1	蠄2	蠅1	蠅2	tree_length	n_extinct
0.8693728276457172	0.33736278877881526	0.7118923680582302	3.0832953567238905	0.5403849788460672	5.223677474425981	4.265227588441762	3
