位	渭	蠄1	蠄2	蠅1	蠅2	tree_length	n_extinct
2.2615803438358495	0.04478529607315447	1.0310315498466784	0.5452832296559603	2.793850780884552	6.096306751637644	5.762880256344788	1
