位	渭	蠄1	蠄2	蠅1	蠅2	tree_length	n_extinct
1.020489287766783	0.48459560681561026	0.05389874946737737	2.367299212194245	1.3647144004458531	1.3992638599740916	13.173361321738525	6
