位	渭	蠄1	蠄2	蠅1	蠅2	tree_length	n_extinct
0.8132747873723631	0.3488859084206116	0.2134580042085817	1.9159203237783042	0.8063188464095434	0.22442862932699512	2.767562750292705	1
