位	渭	蠄1	蠄2	蠅1	蠅2	tree_length	n_extinct
1.4240841148152583	0.5711996692955187	0.24724698435553738	5.410947380831584	0.4120221511415683	2.189651249807986	11.145061586039331	4
