位	渭	蠄1	蠄2	蠅1	蠅2	tree_length	n_extinct
1.335745874160193	0.4138610662124772	0.14948173821955688	1.2398242027808386	0.5795805757693593	0.09248060052644394	3.935920791399713	2
