位	渭	蠄1	蠄2	蠅1	蠅2	tree_length	n_extinct
0.11352641641143016	0.2863143096001707	1.5875222218608063	1.5049851272782147	0.2318419507060715	1.318050408233178	2.0	0
