位	渭	蠄1	蠄2	蠅1	蠅2	tree_length	n_extinct
0.9823919891651574	0.10037857946242086	0.07989459663953156	0.5433235120739051	0.7495337851212268	5.019002372394233	2.2069673954715388	0
