位	渭	蠄1	蠄2	蠅1	蠅2	tree_length	n_extinct
1.2981461501809448	0.19613067855769026	0.5711493252717552	2.7043545119980257	1.1042019607270304	8.586923330495273	7.251868828459526	1
