位	渭	蠄1	蠄2	蠅1	蠅2	tree_length	n_extinct
0.8085494597994738	0.003673992876742489	0.42074687463690047	1.0345238281890923	1.510576830344861	0.054824561050535625	5.040156347932745	0
