位	渭	蠄1	蠄2	蠅1	蠅2	tree_length	n_extinct
1.282687099198087	0.8551938027879185	5.771582359131649	3.7506697374698765	3.7468721682307686	1.5223139488018573	5.935823954673765	3
