位	渭	蠄1	蠄2	蠅1	蠅2	tree_length	n_extinct
1.8565895682039328	1.3417509856893775	1.730140137678915	0.03413257904901027	3.3609420004693193	1.4957038806440461	4.191920042719261	4
