位	渭	蠄1	蠄2	蠅1	蠅2	tree_length	n_extinct
0.23010086651836095	0.32239171612064754	0.32108311808035417	0.5648158425624702	0.2623851019887916	0.7727693173512001	2.0	0
