풭	풮	풤풭	풤풮	픢풭	픢풮	픧1	픧2	픨1	픨2	tree_length	n_extinct
0.6987433828462088	0.39535315884020267	-0.06206957832533264	0.1827959543938361	0.34645598228294683	0.42602058429242134	0.9806045475396501	4.457805781436382	12.319698491942107	1.4743183657432237	4.397000000000003	1
