位	渭	蠄1	蠄2	蠅1	蠅2	tree_length	n_extinct
0.3708695008040444	0.3152901839588732	1.8059792392752052	0.036699166491063875	0.5284109849977267	2.1964828381109784	2.0	0
