位	渭	蠄1	蠄2	蠅1	蠅2	tree_length	n_extinct
1.3220400494819675	0.2549364535519979	0.06948593173983937	0.6669147939973158	9.371550581711254	7.914595041961943	2.0363750968283307	1
