位	渭	蠄1	蠄2	蠅1	蠅2	tree_length	n_extinct
0.40758985708161494	1.199369080895828	1.7369789333455927	0.5216268941697844	7.112120994987966	2.3409117046321604	2.45072748437251	1
