位	渭	蠄1	蠄2	蠅1	蠅2	tree_length	n_extinct
0.6721507153052578	0.5067282724490102	3.973868701523884	1.215746047340772	10.362007516669987	1.1201464839047428	2.487895877172095	1
