位	渭	蠄1	蠄2	蠅1	蠅2	tree_length	n_extinct
0.9910708860350707	0.5890112516534451	0.2586730577396459	0.4380545773884382	1.558506006637044	0.14048118828836173	17.628921201578564	9
