位	渭	蠄1	蠄2	蠅1	蠅2	tree_length	n_extinct
0.9327431961408253	0.3463130820907356	0.23920743280664647	0.1849759082701036	5.786580970813232	0.1438837976696136	2.3492611665233447	0
