位	渭	蠄1	蠄2	蠅1	蠅2	tree_length	n_extinct
1.4622962713134207	0.11590545218183873	2.3910289035951786	0.6422647172839832	2.1650539357720255	2.475280966038303	2.8187109336816043	0
