位	渭	蠄1	蠄2	蠅1	蠅2	tree_length	n_extinct
0.8145081209125509	0.17183901739784976	0.9644694489470282	0.6668067904785792	2.9169691487844984	0.21749616522366672	2.507889535915809	1
