位	渭	蠄1	蠄2	蠅1	蠅2	tree_length	n_extinct
1.3754500010235178	0.05646246372769551	0.1488820838196778	0.661417866306012	0.27791817289992626	1.4530947166473152	6.459620604695543	0
