位	渭	蠄1	蠄2	蠅1	蠅2	tree_length	n_extinct
1.4729055385062984	0.6757307009075701	0.6520034934431442	0.7487476688000354	1.5558217963609993	0.7153741506167454	3.026163085197319	3
