位	渭	蠄1	蠄2	蠅1	蠅2	tree_length	n_extinct
1.3739126085640299	1.1654260762849737	1.9222468728204434	0.3762399624057296	3.5671900504418446	0.7853183387491296	5.171461426600252	3
