位	渭	蠄1	蠄2	蠅1	蠅2	tree_length	n_extinct
0.19115726766847888	0.7540449611350694	0.002404917285615075	0.1653180648680578	1.1436211876579367	0.13091719807063376	2.0	0
