位	渭	蠄1	蠄2	蠅1	蠅2	tree_length	n_extinct
0.45120889321894586	0.17404645007022973	0.6709343602275182	1.1483994701202431	0.6193523088370829	0.5823398070794943	2.0	0
