位	渭	蠄1	蠄2	蠅1	蠅2	tree_length	n_extinct
0.326332784289945	0.005431891311520216	0.26291229610515127	0.5876791274768035	5.056167002755309	1.5381357724978666	2.0	0
