位	渭	蠄1	蠄2	蠅1	蠅2	tree_length	n_extinct
0.4614834524183532	0.29292680979453073	0.12144843642086248	0.026160783624711567	0.7763109130516468	0.9345690422766664	3.207355100633376	0
