位	渭	蠄1	蠄2	蠅1	蠅2	tree_length	n_extinct
1.591833700871099	0.22000950986124543	1.4025001254367577	6.047348702716718	0.7322792209275976	8.727838233640162	15.960329064974637	4
