位	渭	蠄1	蠄2	蠅1	蠅2	tree_length	n_extinct
2.1314764452088824	0.8660352528268495	1.951964235414224	0.6463613338151569	0.20343890749598287	3.992852015089336	21.1248309957915	15
