位	渭	蠄1	蠄2	蠅1	蠅2	tree_length	n_extinct
0.44248280980532934	0.7931915996753313	1.5456341066280934	1.2931284398615497	1.8899240354484972	2.5304199921179897	3.551047192914844	0
