位	渭	蠄1	蠄2	蠅1	蠅2	tree_length	n_extinct
2.9984203673653287	0.07406062600622834	2.0808886245091944	0.31072933146960263	0.5175013612991822	0.6178159652168057	7.88747267987337	1
