位	渭	蠄1	蠄2	蠅1	蠅2	tree_length	n_extinct
1.4177265037463878	0.002798053821191243	0.026364504076878122	0.49659186247339426	4.552425696009922	0.6520064953585277	2.0	0
