位	渭	蠄1	蠄2	蠅1	蠅2	tree_length	n_extinct
0.09027447533894731	0.991564215540692	3.0860860309508364	0.3914423815184014	0.28716444618462866	1.6653631858261402	2.2543121261308547	1
