位	渭	蠄1	蠄2	蠅1	蠅2	tree_length	n_extinct
3.028687333112026	2.787327891554958	0.029820466309551895	3.0356732066836862	0.7218997694289263	0.35096308850793106	16.405702054922028	53
