位	渭	蠄1	蠄2	蠅1	蠅2	tree_length	n_extinct
2.2834630516388703	1.0390789584799456	0.08161278190035669	0.551993920485959	3.1640179213135537	5.846595310037873	18.719588756088395	23
