位	渭	蠄1	蠄2	蠅1	蠅2	tree_length	n_extinct
1.1900061783594544	0.004758047708789726	0.42615750590934587	0.38091024883152347	0.18627311171428845	4.362783811737523	2.3502583298465667	0
