位	渭	蠄1	蠄2	蠅1	蠅2	tree_length	n_extinct
0.24529887544360005	0.10439282467615266	0.02607263346920951	1.6034273383632123	1.8220660613487145	1.0700568030081805	4.593332062964339	0
