位	渭	蠄1	蠄2	蠅1	蠅2	tree_length	n_extinct
1.0419116887452218	0.6983219117279301	1.8155171599050113	1.780973935958921	5.12537898029874	2.9709829914498016	4.139003308072697	2
