位	渭	蠄1	蠄2	蠅1	蠅2	tree_length	n_extinct
1.2868986798817026	0.27856477053979084	0.5278943591865279	0.18771276347087326	0.24772933718352616	0.03843400282299402	7.652538867701374	2
