位	渭	蠄1	蠄2	蠅1	蠅2	tree_length	n_extinct
2.08079255941169	0.39682272882582176	0.1731115020804999	0.8352915561668063	0.627486896579475	2.8432285109478284	7.019739911535401	4
