位	渭	蠄1	蠄2	蠅1	蠅2	tree_length	n_extinct
0.22289387032479768	1.0131726243557402	0.03208166293521424	0.5626589000491944	2.260470360937059	1.1815781103913494	2.0	0
