位	渭	蠄1	蠄2	蠅1	蠅2	tree_length	n_extinct
0.3421444322252852	0.5676154064184149	1.8059235904082578	3.5518946883008535	11.365083144672814	0.6533675329112113	1.9999999999999998	0
