位	渭	蠄1	蠄2	蠅1	蠅2	tree_length	n_extinct
1.2096014618586388	0.4032351940547397	1.0056989937733252	0.7605682463455896	2.006977576378427	3.730737132427777	3.554208812419106	2
