位	渭	蠄1	蠄2	蠅1	蠅2	tree_length	n_extinct
1.1869862449224593	0.5292320371308544	0.6255335661221582	1.545359880691259	1.387471304561791	0.1862799359867511	4.630389465242281	6
