位	渭	蠄1	蠄2	蠅1	蠅2	tree_length	n_extinct
1.5962461613918648	0.03702723670746629	6.044806781449927	2.2969604062967988	0.07579566665534641	1.0529620493091933	17.151709203161488	0
