位	渭	蠄1	蠄2	蠅1	蠅2	tree_length	n_extinct
0.9133446486401308	0.5497982965865372	1.621693127418841	0.2707159253629255	2.890777874950755	0.8561168097567269	7.788340309292566	1
