位	渭	蠄1	蠄2	蠅1	蠅2	tree_length	n_extinct
0.05538095208315381	0.21916375296225	1.257372839803542	1.538406833902086	0.0609069730338425	2.9227101507087667	2.0	0
