位	渭	蠄1	蠄2	蠅1	蠅2	tree_length	n_extinct
0.6817863091826571	0.2443573410610399	0.5460382166780224	0.47230150672664806	2.251821943596998	0.39731773635608875	3.483129557587241	1
