位	渭	蠄1	蠄2	蠅1	蠅2	tree_length	n_extinct
3.275480997292853	0.3535689899395996	0.17402909570034045	0.14936484797061203	0.08847102188422305	5.443370279313145	32.109731034938	12
