位	渭	蠄1	蠄2	蠅1	蠅2	tree_length	n_extinct
1.29684286968599	0.0856727757822613	0.24253100269257058	0.2927524789615055	5.039146366768165	2.3980033758300396	4.11557942816274	0
