位	渭	蠄1	蠄2	蠅1	蠅2	tree_length	n_extinct
1.138490229103824	0.8368874492216963	0.11531100962514358	0.26470445209694116	3.5440712659782383	1.4282362634979082	16.753654538166867	14
