位	渭	蠄1	蠄2	蠅1	蠅2	tree_length	n_extinct
0.010492943074446755	0.32296403320712563	0.5084653772350567	0.10743778017703133	2.97527022090767	2.2076025281926035	2.0	0
