位	渭	蠄1	蠄2	蠅1	蠅2	tree_length	n_extinct
0.2124485083087724	0.16522643982496524	1.103326807361366	2.62615902132058	0.5939808655762066	2.505766053657492	2.9606374871773666	0
