位	渭	蠄1	蠄2	蠅1	蠅2	tree_length	n_extinct
2.033064072193061	0.323016974794846	0.15566194589424834	0.06236356708010583	1.041175200398584	0.10957538964133978	18.065789215799473	5
