位	渭	蠄1	蠄2	蠅1	蠅2	tree_length	n_extinct
1.9573342986963513	0.542055398577917	0.21292595119404598	0.9126130142909438	0.8540482137552733	7.6808646547974995	6.231987067514088	4
