位	渭	蠄1	蠄2	蠅1	蠅2	tree_length	n_extinct
1.397727032291	0.0868759526964008	0.14983684204840342	0.2429950736711692	0.8001144374948724	3.3179719315361367	2.656568018087765	0
