位	渭	蠄1	蠄2	蠅1	蠅2	tree_length	n_extinct
0.04304344595232724	0.2532333734873436	0.9888581943211973	0.14766581177649585	3.6035377034799634	0.2760914895567597	2.0	0
