位	渭	蠄1	蠄2	蠅1	蠅2	tree_length	n_extinct
1.4131893817621313	1.382712717174685	6.682362119167027	0.5895125981108066	6.542895038063487	4.759579808640722	2.1033705326780323	1
