位	渭	蠄1	蠄2	蠅1	蠅2	tree_length	n_extinct
0.0019203040091657871	0.1425665384080007	0.398908738360345	2.8190642714157423	3.143923003157871	0.945062162532033	2.0	0
