位	渭	蠄1	蠄2	蠅1	蠅2	tree_length	n_extinct
1.394853061599248	0.35590434638882035	0.9524763343951758	0.8647137958239073	0.5178841797056639	3.245630996633226	7.127629424278202	1
