位	渭	蠄1	蠄2	蠅1	蠅2	tree_length	n_extinct
0.7176873316890434	0.4102029783039756	0.7327875546015713	0.45420152775102834	0.3603553167260019	1.0620116619084592	4.40940937956708	1
