位	渭	蠄1	蠄2	蠅1	蠅2	tree_length	n_extinct
0.8991249346626498	0.08089218783512356	1.1371919285056582	1.5686388587385038	3.3931200673371884	2.8164940549569457	6.323515561504496	1
