位	渭	蠄1	蠄2	蠅1	蠅2	tree_length	n_extinct
0.8132601850407082	0.8316697300652355	0.025281064145005045	1.4947676133780643	0.7297448184596604	0.2537556985950092	2.0	0
