位	渭	蠄1	蠄2	蠅1	蠅2	tree_length	n_extinct
1.3349825731492397	0.5066172015896545	2.8594599250183763	1.1283801573266825	1.1094759190658194	4.278225960107221	29.196102639828972	6
