位	渭	蠄1	蠄2	蠅1	蠅2	tree_length	n_extinct
0.0968599903457199	1.431538372098191	1.7901286746727265	0.5171331779097469	0.038253795997005326	0.22934120104244896	2.0	0
