位	渭	蠄1	蠄2	蠅1	蠅2	tree_length	n_extinct
1.5965544697167955	0.038032069105937504	0.07316023789776091	0.4708135473738804	0.503251317802031	0.08811368649870134	10.402310806753594	0
