位	渭	蠄1	蠄2	蠅1	蠅2	tree_length	n_extinct
1.0587898672739706	1.07186225336718	0.19010216576563918	0.5676581214566848	0.6760429963786186	4.300096780926728	3.0107898809316063	2
