位	渭	蠄1	蠄2	蠅1	蠅2	tree_length	n_extinct
0.2622848261182041	0.39024401027075256	0.5445442743871969	0.6411428017177205	2.1615519954959432	1.3364063752501223	2.60227828772371	1
