位	渭	蠄1	蠄2	蠅1	蠅2	tree_length	n_extinct
1.562209974667984	0.44413286342637515	1.0237145434440833	1.1433522587282325	2.1550314232942576	5.967179099273173	14.48177973826671	2
