位	渭	蠄1	蠄2	蠅1	蠅2	tree_length	n_extinct
0.39407470512825443	0.9638260303696479	0.36923877518423803	0.6876524286864731	1.3653474697544548	0.8531728741071152	2.0	0
