位	渭	蠄1	蠄2	蠅1	蠅2	tree_length	n_extinct
0.7376238371376143	0.7040951929870521	1.7172227155296627	2.8082324032331987	4.876667341016864	0.40581625115406667	5.30822911167143	2
