位	渭	蠄1	蠄2	蠅1	蠅2	tree_length	n_extinct
1.9614479190110183	0.15905620137934437	0.15573731134634874	1.7741518339633964	0.5005933086757403	1.2427430284361494	68.755324658009	11
