位	渭	蠄1	蠄2	蠅1	蠅2	tree_length	n_extinct
1.1085963993417252	0.26708465066954945	0.18721374345872635	0.23960831431605936	1.754776667531572	1.7387021621277605	2.2624319997866884	1
