位	渭	蠄1	蠄2	蠅1	蠅2	tree_length	n_extinct
0.48101943998541197	0.4147714866775155	0.436186705603832	0.9734416213454967	0.4138050520323026	1.9036951767016483	2.0	0
