位	渭	蠄1	蠄2	蠅1	蠅2	tree_length	n_extinct
0.06225779681054533	0.36660107326374464	0.42523636082738575	0.4046210591155919	4.662968482935368	0.9213826690390474	2.0	0
