位	渭	蠄1	蠄2	蠅1	蠅2	tree_length	n_extinct
0.9670592835837843	0.09633238939831752	0.008062571720503151	1.2839969351549012	0.6813409259959106	7.367168949868287	2.0	0
