位	渭	蠄1	蠄2	蠅1	蠅2	tree_length	n_extinct
2.11019102042121	1.4522068278164382	1.66153384468584	0.6042573148851965	1.83175290435536	1.8496709142146863	7.3031105064657345	10
