位	渭	蠄1	蠄2	蠅1	蠅2	tree_length	n_extinct
0.42831447432541364	0.024469926458572	1.0103996457531192	0.09403129570875447	3.0412591518955416	1.431073972674749	3.2950469846597557	1
