位	渭	蠄1	蠄2	蠅1	蠅2	tree_length	n_extinct
1.3889440361127954	0.18923179216015862	3.0774155727419505	1.5861982502797503	1.2282235230562104	4.903353195343864	2.23376871631936	0
