位	渭	蠄1	蠄2	蠅1	蠅2	tree_length	n_extinct
1.1707600248506573	0.6768414036869106	0.10356992331905204	0.09142843813270513	0.6789329273633756	0.706218575289668	2.5530175004346187	1
