位	渭	蠄1	蠄2	蠅1	蠅2	tree_length	n_extinct
1.6275665412565214	0.4955844170708342	1.5920023916698707	0.22807656787101344	2.2447317722751694	0.18107008089434243	5.845491076218762	0
