位	渭	蠄1	蠄2	蠅1	蠅2	tree_length	n_extinct
0.9321923623698848	0.12829135781867462	1.306526138376786	0.19059490656532665	8.882542558148433	4.372468925797915	4.808596132181077	1
