位	渭	蠄1	蠄2	蠅1	蠅2	tree_length	n_extinct
0.47717793074274456	0.11002578351725029	1.6108345146829446	0.5939224131755743	0.42655435439422407	2.2673290202658847	4.993113312953116	0
