位	渭	蠄1	蠄2	蠅1	蠅2	tree_length	n_extinct
2.178268233496016	0.5887433277445802	0.27615395011916233	0.8021239906167923	1.1720580224734527	1.0275120638468913	18.867497801215876	14
