位	渭	蠄1	蠄2	蠅1	蠅2	tree_length	n_extinct
0.46179902156015135	0.18884055602866115	0.3004865162222482	0.34732753762511964	3.0736822823864522	0.9807765116292217	2.0	0
