位	渭	蠄1	蠄2	蠅1	蠅2	tree_length	n_extinct
0.989550321367877	1.0560754193693707	2.5899766332938436	0.1248338354311936	0.5491529861252106	1.462504133294589	2.744642767441671	0
