位	渭	蠄1	蠄2	蠅1	蠅2	tree_length	n_extinct
0.10902073073195812	0.4317073800122646	3.1237928938675172	1.5065887058791092	1.403819616743273	1.2943329313725367	2.0	0
