位	渭	蠄1	蠄2	蠅1	蠅2	tree_length	n_extinct
1.2462621312993494	0.19580598165548402	1.174965420507514	0.6334812596845125	0.5582022818663788	1.0105231773632444	2.411356158710217	0
