位	渭	蠄1	蠄2	蠅1	蠅2	tree_length	n_extinct
1.650981214153077	0.28097643436375125	0.10483992653424513	0.7476841797894802	2.2808839488100467	1.6003192987169101	7.802878605023378	5
