位	渭	蠄1	蠄2	蠅1	蠅2	tree_length	n_extinct
0.5980320346697026	0.36878862490195385	0.9746007134445704	1.3905067100620108	0.6661263832004268	3.324832819889904	4.605687299075379	1
