位	渭	蠄1	蠄2	蠅1	蠅2	tree_length	n_extinct
1.7156566735308325	0.20960856358582167	0.5870211865460008	1.1985897682501874	0.05134224562542778	10.616565337191973	14.39678904432705	3
