位	渭	蠄1	蠄2	蠅1	蠅2	tree_length	n_extinct
0.02989733281636071	0.18671762884940157	1.222677780902336	0.05237317982885738	3.8071314908864315	4.594944253146039	2.0	0
