位	渭	蠄1	蠄2	蠅1	蠅2	tree_length	n_extinct
0.29849974212084196	0.4135209907686526	0.3170873326942209	0.08281630683885423	0.25024031040544087	1.0485770286579033	3.509641534355951	0
