位	渭	蠄1	蠄2	蠅1	蠅2	tree_length	n_extinct
0.7623853371397398	0.27559235589492537	1.4407559244989825	0.7062434987832393	5.312412357928377	1.8249423014366888	2.5747789474965534	0
