位	渭	蠄1	蠄2	蠅1	蠅2	tree_length	n_extinct
0.976420302950889	0.15119204281597398	1.8217827790832826	1.0384806201847636	1.1614305839204306	4.259626227441396	3.6462409564678087	1
