位	渭	蠄1	蠄2	蠅1	蠅2	tree_length	n_extinct
1.3782523876481096	0.06168339702268331	0.18457421765355278	3.9347764863405432	2.7662224864240255	6.414401195014004	11.2253825566024	0
