位	渭	蠄1	蠄2	蠅1	蠅2	tree_length	n_extinct
0.10634515857337419	0.004421101156205378	0.44720620706967057	1.963065757518242	0.9009829347489554	0.704888298988843	2.0	0
