位	渭	蠄1	蠄2	蠅1	蠅2	tree_length	n_extinct
1.8114118994212034	0.5003287348005772	2.9134664373494097	0.09018959113367081	1.4842817476400325	2.119746354717632	7.880818106108773	4
