位	渭	蠄1	蠄2	蠅1	蠅2	tree_length	n_extinct
1.7850287564971963	0.5525010394605235	2.105056021771651	1.5812193394113476	2.696070042667979	5.8017029192783705	20.266192843543188	19
