位	渭	蠄1	蠄2	蠅1	蠅2	tree_length	n_extinct
0.17654968282091174	0.019728398908641812	0.3658934477358976	0.37098579920477787	3.885152031677094	2.021798927715725	2.0	0
