位	渭	蠄1	蠄2	蠅1	蠅2	tree_length	n_extinct
1.582896617015373	0.1584243349637703	0.6184742907245402	0.12641328743692387	0.6187130898770405	1.7062119330430614	19.614338480925575	2
