位	渭	蠄1	蠄2	蠅1	蠅2	tree_length	n_extinct
1.3418137099120329	0.06608576479010818	2.0420209069056647	1.960359810692262	5.123732741521694	0.12471184984932193	10.563525722925927	0
