位	渭	蠄1	蠄2	蠅1	蠅2	tree_length	n_extinct
0.1894844485882979	0.10048078859120214	0.3472162014856518	0.16262259400707516	1.4031410417780696	4.503208518648892	2.0	0
