位	渭	蠄1	蠄2	蠅1	蠅2	tree_length	n_extinct
1.4977584174592644	1.06109704219799	1.0774503412260015	0.7559549257863538	2.2485038488618003	2.444919084023201	9.610408684191533	8
