位	渭	蠄1	蠄2	蠅1	蠅2	tree_length	n_extinct
0.961567970020604	0.13502230602510715	2.3052283266313416	0.7840589611398142	0.6285918113978112	0.41899775773493464	5.472719639356007	2
