位	渭	蠄1	蠄2	蠅1	蠅2	tree_length	n_extinct
1.2539955673508374	0.026839743813237123	1.5663488592920816	0.1817494924210565	3.7347208251024258	0.8062208564452096	8.705563579960362	1
