位	渭	蠄1	蠄2	蠅1	蠅2	tree_length	n_extinct
1.0190031782116336	0.0728194109295456	0.6349312529471054	0.07446742208392984	0.8973930534614649	0.3471880556323152	3.257077803391522	0
