位	渭	蠄1	蠄2	蠅1	蠅2	tree_length	n_extinct
0.42414236776245184	0.4404093800490594	0.5231702364858939	1.0084077966166158	6.584929770721348	2.160075443501272	2.0	0
