位	渭	蠄1	蠄2	蠅1	蠅2	tree_length	n_extinct
0.2598870350583251	0.5754898742923142	0.34721601242494676	0.37849545207162655	1.277909963360661	1.4878515313058618	2.604455033881081	1
