位	渭	蠄1	蠄2	蠅1	蠅2	tree_length	n_extinct
1.3945287076054866	0.64990104524277	0.32000711834208073	0.30993848786847894	2.070315129714189	5.644992854823098	5.498676412308282	5
