位	渭	蠄1	蠄2	蠅1	蠅2	tree_length	n_extinct
1.8158440142146908	0.16453613283853244	0.18121182790878	0.009297805025365598	1.1699930329953574	4.1314309372061295	35.84427685843908	4
