位	渭	蠄1	蠄2	蠅1	蠅2	tree_length	n_extinct
0.6684609752898716	0.5883585235104838	0.8896716968402486	1.5999995471576542	2.359029137753825	2.8215844021923204	3.8580864518713787	0
