位	渭	蠄1	蠄2	蠅1	蠅2	tree_length	n_extinct
0.33220248467744007	0.1609291859977428	0.6120045829785535	0.7397360261400238	1.3775726470941045	4.594725683052519	1.9999999999999998	0
