位	渭	蠄1	蠄2	蠅1	蠅2	tree_length	n_extinct
2.085110626658442	0.49379898474906353	1.3828564978005593	0.2961883410160286	1.471270202179409	0.33956499302192833	12.571372100291706	7
