位	渭	蠄1	蠄2	蠅1	蠅2	tree_length	n_extinct
0.9972677365493212	0.06695449062534867	1.4892986939917312	2.0494664025968614	3.267928399090828	4.713411277463681	2.0	0
