位	渭	蠄1	蠄2	蠅1	蠅2	tree_length	n_extinct
2.0979955775372723	0.7676424840712984	0.33258536892997437	0.02641949123831012	1.2910631950325708	0.24116704536826136	13.57092490083029	7
