位	渭	蠄1	蠄2	蠅1	蠅2	tree_length	n_extinct
0.2583212509322638	0.21436809754158442	0.18387445509926578	0.05770954431113518	5.290725408972065	0.4759461390700887	2.0	0
