位	渭	蠄1	蠄2	蠅1	蠅2	tree_length	n_extinct
1.1005539351199778	0.6073828045600653	2.429975315669156	1.481773272734733	0.2977574868273493	1.2059402565779997	17.111208744763747	8
