位	渭	蠄1	蠄2	蠅1	蠅2	tree_length	n_extinct
1.5567608919795852	0.28200104056011044	1.3292120693890572	0.18995066743785877	1.4796088261708795	0.2784716696887561	3.996506775934074	1
