位	渭	蠄1	蠄2	蠅1	蠅2	tree_length	n_extinct
1.1040202915338115	0.013027841084580353	1.3038867000663792	0.4626737753614692	7.265008535134048	7.183272427894058	8.605778405363372	0
