位	渭	蠄1	蠄2	蠅1	蠅2	tree_length	n_extinct
0.02156704026891442	0.49620846923262185	0.14514121362192478	1.1875640512561458	0.43026066676522334	1.9738161981142586	2.0	0
