位	渭	蠄1	蠄2	蠅1	蠅2	tree_length	n_extinct
0.9606441845322213	0.43620147212454496	0.35637978075007	0.37855977123406614	0.26165784176914236	0.4126463297160704	5.5991149141412935	4
