位	渭	蠄1	蠄2	蠅1	蠅2	tree_length	n_extinct
1.478746463569154	0.2126910031780237	1.2122395765484073	1.482444326353623	0.7067906526147332	0.5062631906572715	2.3977343540200056	1
