位	渭	蠄1	蠄2	蠅1	蠅2	tree_length	n_extinct
0.24548618891339793	1.492340567680867	1.255532660557123	2.794112011825746	6.663114763038311	0.7065491321045857	2.7920458655983023	1
