位	渭	蠄1	蠄2	蠅1	蠅2	tree_length	n_extinct
0.775809153827884	0.40008378946806245	0.5088911921027789	0.46207251192594095	2.5568680828472714	2.21335492907036	5.371180012604803	1
