位	渭	蠄1	蠄2	蠅1	蠅2	tree_length	n_extinct
0.87201736647693	0.5803904164871561	0.4504204902821501	0.10504426335020976	0.16735398606596602	0.5216402952072309	2.0	0
