位	渭	蠄1	蠄2	蠅1	蠅2	tree_length	n_extinct
0.9425272089716049	0.16267408981284764	1.493208303531822	0.38436648391908074	2.57910839968764	0.6744839555745263	5.8856991502223295	1
