位	渭	蠄1	蠄2	蠅1	蠅2	tree_length	n_extinct
0.9124825280686472	0.007016231444307005	2.815362504927946	0.35274020081909535	0.5406721936561402	2.955074486851271	5.3409741006607305	0
