位	渭	蠄1	蠄2	蠅1	蠅2	tree_length	n_extinct
0.5410460777351346	0.32026925460714384	0.21082003923325862	1.2178604280760754	0.18601202894567231	1.3825988496543316	8.139684461455968	1
