位	渭	蠄1	蠄2	蠅1	蠅2	tree_length	n_extinct
0.7122441786366851	0.47660761220250913	2.919999097668145	0.8122779396419373	0.35476772108136473	0.09573569884586071	3.205237944115855	1
