位	渭	蠄1	蠄2	蠅1	蠅2	tree_length	n_extinct
0.413938576172195	0.11028421682132104	1.5442391278638576	0.4333998438583534	1.4098544114888372	0.971231869764319	5.887995155999954	0
