位	渭	蠄1	蠄2	蠅1	蠅2	tree_length	n_extinct
2.233491390103857	0.23801876347148296	0.014722187838479379	0.9612463514710307	2.992439442224115	0.22101143999869835	17.643889899510828	6
