位	渭	蠄1	蠄2	蠅1	蠅2	tree_length	n_extinct
1.4954438759610567	0.09618188067941678	1.3462382468191276	2.733815192599025	1.2014672343068058	1.389957708422088	8.404977380748141	2
