位	渭	蠄1	蠄2	蠅1	蠅2	tree_length	n_extinct
0.7841524227414495	0.16759547194875068	0.22598915799766092	1.4436522523757076	1.5228777255123833	2.353845637142821	7.4971754406670135	0
