位	渭	蠄1	蠄2	蠅1	蠅2	tree_length	n_extinct
1.9953844116852752	0.7643369487297041	3.154734160290417	3.307921823830107	0.5440077096747785	0.9806215477133733	9.812268735591354	10
