位	渭	蠄1	蠄2	蠅1	蠅2	tree_length	n_extinct
1.4341931559401881	0.6773907142549195	1.6813618420756502	0.22854097872015078	4.034596144030426	3.081276283089077	8.648416819231358	5
