位	渭	蠄1	蠄2	蠅1	蠅2	tree_length	n_extinct
0.38513536773752594	0.49061164358115966	1.7983386713759784	0.027522209926961933	1.792052813082432	1.0579064699789884	3.5894998287425706	3
