位	渭	蠄1	蠄2	蠅1	蠅2	tree_length	n_extinct
1.0698190461296953	0.434256065319921	2.850606442019678	1.4439708372715843	5.006915681433728	3.345800898425434	4.808553724685541	4
