位	渭	蠄1	蠄2	蠅1	蠅2	tree_length	n_extinct
0.10305078290578405	0.10400259888065114	0.4158659090318509	0.6441112887913617	7.6084456342411935	4.985169307012771	4.297490640800657	0
