位	渭	蠄1	蠄2	蠅1	蠅2	tree_length	n_extinct
1.053910772533183	0.0723422166914085	1.5633136619186954	0.5260120459092549	0.23720456931390094	3.893219321498557	3.353519167532138	0
