位	渭	蠄1	蠄2	蠅1	蠅2	tree_length	n_extinct
0.4196946824674081	0.9710703462153923	0.4839576764204599	0.0638097337187383	1.2683742353558445	4.132624335254972	3.8695305283578754	1
