位	渭	蠄1	蠄2	蠅1	蠅2	tree_length	n_extinct
0.011852685392612318	0.172466469751144	0.28329972316798085	0.19000645260639312	4.545172339825414	0.9124845626817476	2.0	0
