位	渭	蠄1	蠄2	蠅1	蠅2	tree_length	n_extinct
0.5085987765523616	0.1853746626676458	4.14193496325172	2.0624692952992802	0.14052859708444665	1.7131058834737907	3.1279898960583368	0
