位	渭	蠄1	蠄2	蠅1	蠅2	tree_length	n_extinct
0.085365690545173	0.8111563238795118	0.32522626155801526	0.516220591501009	4.577045104316011	0.16119245363984294	2.0	0
