位	渭	蠄1	蠄2	蠅1	蠅2	tree_length	n_extinct
0.22510400810594008	0.12074505642519566	0.8755644782190947	1.8848680413172494	0.38757300828008534	0.17181784498370614	2.0	0
