位	渭	蠄1	蠄2	蠅1	蠅2	tree_length	n_extinct
0.10277362681910349	0.2945163440386128	1.0227118405721196	1.3246976684164276	0.016794979098688167	1.634901472856757	2.0	0
