位	渭	蠄1	蠄2	蠅1	蠅2	tree_length	n_extinct
0.4101111153481382	0.07851823701839859	1.9475454817536624	1.8324311528044932	1.4647140801221388	2.274218312102465	5.074710208226836	0
