位	渭	蠄1	蠄2	蠅1	蠅2	tree_length	n_extinct
1.1491969181116877	0.4961392658426692	0.03727892996559053	0.15919928601487215	2.119572386105152	0.2833453511036645	4.71636157626299	0
