位	渭	蠄1	蠄2	蠅1	蠅2	tree_length	n_extinct
0.09942880761888172	0.21359914900365995	2.4444859178843346	0.5233041919412733	4.083459846854264	3.228452118122204	2.0	0
