位	渭	蠄1	蠄2	蠅1	蠅2	tree_length	n_extinct
2.63781962706257	0.7900716308322747	2.3110478258089335	1.1137328268812399	1.0437346638168141	0.0008659232535125838	12.79474828023183	13
