位	渭	蠄1	蠄2	蠅1	蠅2	tree_length	n_extinct
1.0211634874247337	0.0856527895832326	0.194296022210349	1.1589620727986465	1.2535565381861136	0.6389781928420735	7.309962793700004	0
