位	渭	蠄1	蠄2	蠅1	蠅2	tree_length	n_extinct
1.2090692098435596	0.4694700212289598	0.653708793397037	0.614092957150674	4.888423598644993	1.9327831692187813	4.49380274653148	1
