位	渭	蠄1	蠄2	蠅1	蠅2	tree_length	n_extinct
1.827454004213001	0.8278740771913199	1.9134129307186691	1.1232112780821908	2.809810588413006	2.2201684934838095	2.289518214613316	1
