位	渭	蠄1	蠄2	蠅1	蠅2	tree_length	n_extinct
0.1323059541031093	0.9049193276634523	3.6445134014743474	0.3501709054407345	5.446856818668889	1.1480251426394341	2.0042987121628957	1
