位	渭	蠄1	蠄2	蠅1	蠅2	tree_length	n_extinct
0.7896329181706754	0.38150360143538137	0.33406108529494943	3.0154664841101297	0.7619936599278692	2.2054948807767785	8.9145988101681	1
