位	渭	蠄1	蠄2	蠅1	蠅2	tree_length	n_extinct
1.4861835072861787	0.4355176144646065	0.10145688365256456	3.8034886357587236	3.6352285195513154	1.194781828877993	13.944860397546783	2
