位	渭	蠄1	蠄2	蠅1	蠅2	tree_length	n_extinct
2.349587816693648	0.6965063285001313	2.8940410380451764	2.564771941253473	5.15527812516763	1.2057286796857263	18.996759698742117	12
