位	渭	蠄1	蠄2	蠅1	蠅2	tree_length	n_extinct
2.180617542060621	1.2925559372328876	0.5973472264440153	1.6488269691580315	0.7180268985661792	0.4920466773117119	36.175611769719126	43
