位	渭	蠄1	蠄2	蠅1	蠅2	tree_length	n_extinct
0.7928801822353918	0.3467362504700294	3.5274894707791433	0.18117236192681976	0.4971685873683591	1.141505356691274	8.152139500494064	1
