位	渭	蠄1	蠄2	蠅1	蠅2	tree_length	n_extinct
0.05519713521872829	0.05319087260418585	0.1559939122569936	0.12122538214812657	1.6937110681217509	0.12392427886981484	2.0	0
