位	渭	蠄1	蠄2	蠅1	蠅2	tree_length	n_extinct
0.99899834924206	0.2500308640466882	0.4478759918522652	1.6091452501228682	1.1351410408426037	0.6788213119847618	7.476743840328739	0
