位	渭	蠄1	蠄2	蠅1	蠅2	tree_length	n_extinct
1.5925523329680955	0.588618350198596	0.043035818537763365	0.7122787354320043	4.163130872672733	8.471768900863797	16.52974414976165	8
