位	渭	蠄1	蠄2	蠅1	蠅2	tree_length	n_extinct
0.6206850647649843	0.000219733683689946	1.7840465906251957	2.954205870242131	1.051410037277525	2.427557477369701	2.0	0
