位	渭	蠄1	蠄2	蠅1	蠅2	tree_length	n_extinct
0.49389319127476095	0.3058646472487614	0.6992279767792919	1.4370165540200592	4.691953765916619	1.0711162202960678	2.0	0
