位	渭	蠄1	蠄2	蠅1	蠅2	tree_length	n_extinct
0.7352483210021004	0.3575464228284917	0.10128317723270217	1.4415489607074252	4.990583114703166	2.0890813983307317	3.3777461907433026	0
