位	渭	蠄1	蠄2	蠅1	蠅2	tree_length	n_extinct
2.2155386097241534	0.5484485010192283	0.7455259715831042	0.9279645862422304	4.496511009211488	0.2470703795849019	3.4270600413921186	2
