位	渭	蠄1	蠄2	蠅1	蠅2	tree_length	n_extinct
0.4527909725773829	1.0781593282400292	0.10885067286839936	1.9340851073410799	1.238842845608536	0.19842005561830306	3.5738246368109667	1
