位	渭	蠄1	蠄2	蠅1	蠅2	tree_length	n_extinct
0.45070583743130893	0.1465237624700257	1.6293911826616916	1.117779616092115	4.185896536223106	0.1948102002147505	2.0	0
