位	渭	蠄1	蠄2	蠅1	蠅2	tree_length	n_extinct
0.9553477185812622	0.3635772755396884	0.022623375136834437	0.2989505723066707	0.33755895403970365	3.49484329594654	6.110982310385799	0
