位	渭	蠄1	蠄2	蠅1	蠅2	tree_length	n_extinct
0.586871378489129	0.9397485319626919	3.7229747762450605	1.3422054884348205	0.23020624651628774	0.46906244671801783	2.474682818290019	0
