位	渭	蠄1	蠄2	蠅1	蠅2	tree_length	n_extinct
1.2091601054046288	0.02406813878005685	0.15070523274260847	1.791065603213935	0.35060748830908217	3.122662185259917	15.112209222837038	1
