位	渭	蠄1	蠄2	蠅1	蠅2	tree_length	n_extinct
0.4662656531739997	0.19792652392032586	0.6802253224617366	0.40649534637220497	1.3391011349698287	5.518648384563018	2.4654336345585897	0
