位	渭	蠄1	蠄2	蠅1	蠅2	tree_length	n_extinct
0.32713384401073	0.35193012259151174	0.8992147908456627	1.0819896626792205	1.0377671870467806	1.2699374573782363	2.260118568742245	0
