位	渭	蠄1	蠄2	蠅1	蠅2	tree_length	n_extinct
0.3108694389374574	0.05040869041258974	6.7379162757749995	4.148297369631407	1.9088216625675778	3.5967438265848815	2.0	0
