位	渭	蠄1	蠄2	蠅1	蠅2	tree_length	n_extinct
0.3636678360365118	0.2862151558573796	0.2128419511676836	0.001685389497784807	4.886136680379886	0.2669650600677584	2.0	0
