位	渭	蠄1	蠄2	蠅1	蠅2	tree_length	n_extinct
1.2793129375758692	0.356736473915047	0.16990296911131275	0.22032536749243126	1.491625922814038	2.5913436573061692	15.325748897025576	7
