位	渭	蠄1	蠄2	蠅1	蠅2	tree_length	n_extinct
1.4765233843307777	0.12306236685458555	0.16169015279280266	0.3543203072398612	1.7251630446310386	1.2727131683145672	4.719042617688729	0
