位	渭	蠄1	蠄2	蠅1	蠅2	tree_length	n_extinct
1.008110838882416	0.0581628794840099	0.4178094605502636	0.39559064553622886	0.9981398662691634	3.5480568372687067	6.117707513296217	0
