位	渭	蠄1	蠄2	蠅1	蠅2	tree_length	n_extinct
0.46289458034022624	0.3923391172449858	0.7607403127125425	1.4158800147032542	3.29755915779893	0.8225041432322512	2.0	0
