位	渭	蠄1	蠄2	蠅1	蠅2	tree_length	n_extinct
0.23375436952865103	0.2076230767145799	0.14769337831660143	1.8927863789300097	1.332267870967774	1.3404089282556502	2.0	0
