位	渭	蠄1	蠄2	蠅1	蠅2	tree_length	n_extinct
0.07165766383837621	0.21499125666759725	0.09164705107142147	1.8535964866409098	5.963900829387082	9.925473884993586	2.0	0
