位	渭	蠄1	蠄2	蠅1	蠅2	tree_length	n_extinct
1.2956337043859893	0.17128038804737822	0.04132584508392268	0.5909374492182157	0.0589316465124275	0.127928258978609	3.753686975202829	0
