位	渭	蠄1	蠄2	蠅1	蠅2	tree_length	n_extinct
2.8706845573769906	0.29441004804147924	0.5705495157341934	0.4050144715448505	0.2884615403919951	0.43129568100458077	50.804684787444785	11
