位	渭	蠄1	蠄2	蠅1	蠅2	tree_length	n_extinct
1.599927549666077	0.052166981761329695	0.3950486912073317	0.05873403395420039	0.13850124581213943	0.6002517960055614	15.902139727946803	0
