位	渭	蠄1	蠄2	蠅1	蠅2	tree_length	n_extinct
0.19233176137523877	0.20658906161937052	0.7445875427196041	0.9575961475785647	4.035404930339597	0.23275097967725897	2.0	0
