位	渭	蠄1	蠄2	蠅1	蠅2	tree_length	n_extinct
0.2236336401149218	0.8041557481671946	1.5769499148181036	1.133458775618821	2.1116527809860526	1.8532513052052892	2.0	0
