位	渭	蠄1	蠄2	蠅1	蠅2	tree_length	n_extinct
0.43274557878328973	0.05316802813628261	4.390268726376213	1.4840697537185596	0.7947949583398293	5.1998098016198915	2.2656937826071526	0
