位	渭	蠄1	蠄2	蠅1	蠅2	tree_length	n_extinct
0.3650125396500353	0.9338332671668882	0.12080443441326548	0.06396703437769824	1.442413041182808	3.6453966417534	3.2616655628479174	3
