位	渭	蠄1	蠄2	蠅1	蠅2	tree_length	n_extinct
1.6979011891139573	0.30751762557121093	1.1878263546558263	0.8130745311181603	0.8292928219610997	0.09541971107603832	15.888687940374412	5
