位	渭	蠄1	蠄2	蠅1	蠅2	tree_length	n_extinct
0.6476085162785881	0.10593045650152101	1.7472798646563907	0.22857030364305989	1.187038662852924	0.07346686671184927	2.0	0
