位	渭	蠄1	蠄2	蠅1	蠅2	tree_length	n_extinct
0.4998050464976809	0.969053035364199	0.8012179969483244	0.6001859701454993	2.3031075446981726	1.289201710941864	2.0	0
