位	渭	蠄1	蠄2	蠅1	蠅2	tree_length	n_extinct
1.4117560676582424	0.07803246199951688	1.3230355872450417	1.514446640862098	9.463522300786027	4.849859815216685	31.79421618031423	1
