位	渭	蠄1	蠄2	蠅1	蠅2	tree_length	n_extinct
0.8647053995806354	1.0011750454625172	0.09267227676258648	0.6664176796982848	12.953103193601198	0.018396264806813202	2.3733807332185943	2
