位	渭	蠄1	蠄2	蠅1	蠅2	tree_length	n_extinct
1.7278569979416682	0.5362605891405834	1.272261296044774	0.8442068488741913	0.9131902265193279	3.9040192832292795	10.239869407985323	7
