位	渭	蠄1	蠄2	蠅1	蠅2	tree_length	n_extinct
1.595578144845982	0.5496646844802812	1.377028279977763	7.039067258568797	0.2635628123783975	2.623491226725097	4.1077381738274985	3
