位	渭	蠄1	蠄2	蠅1	蠅2	tree_length	n_extinct
0.15930558150089918	0.28496887019909634	3.1338447691804983	2.1328780303150316	3.0527372692862156	2.2376351883681176	2.0	0
