位	渭	蠄1	蠄2	蠅1	蠅2	tree_length	n_extinct
0.4242907341313143	0.24335812959189748	0.7396746862576217	0.8611638067255802	3.863863993872022	1.6801718140626694	1.9999999999999998	0
