位	渭	蠄1	蠄2	蠅1	蠅2	tree_length	n_extinct
1.729537109288717	0.24977404945117462	0.10138739083860361	0.9695979619364352	0.032594084374971535	0.2026711509066531	47.67658877467696	12
