位	渭	蠄1	蠄2	蠅1	蠅2	tree_length	n_extinct
1.0186634450912968	0.05560316331711607	4.244748295202986	0.8595037390746542	0.27252244913691903	1.720321608361607	1.9999999999999996	0
