位	渭	蠄1	蠄2	蠅1	蠅2	tree_length	n_extinct
0.6782875309923841	0.026043517735189467	0.8688370365682737	1.7333389152637027	1.7121160575520056	0.007516664395101942	2.0	0
