位	渭	蠄1	蠄2	蠅1	蠅2	tree_length	n_extinct
0.9023590629004625	0.9863772567333077	0.4865098668610785	1.826418359535504	0.056927704545284674	2.2051867967733565	3.251171588810384	3
