位	渭	蠄1	蠄2	蠅1	蠅2	tree_length	n_extinct
2.914433858372435	1.2689490705091468	1.2327009037829963	5.249001008057711	1.8766456419426836	6.1506409943041485	36.1553293526082	42
