位	渭	蠄1	蠄2	蠅1	蠅2	tree_length	n_extinct
0.07499641268332222	0.13646946199687462	0.46763053665940874	1.1575940790644044	0.5399612727385371	0.46745045230119014	2.0	0
