位	渭	蠄1	蠄2	蠅1	蠅2	tree_length	n_extinct
2.3440465773034505	0.03879196121976159	1.8516670675700753	2.3264868716450526	1.8694237755200311	1.3521523537377058	57.59394976553926	4
