位	渭	蠄1	蠄2	蠅1	蠅2	tree_length	n_extinct
2.176345828776372	0.07653614907108686	0.02010954095162962	1.5700196233427204	0.6959122465480233	0.8887132969568406	12.471767403607668	0
