位	渭	蠄1	蠄2	蠅1	蠅2	tree_length	n_extinct
0.011587640097408255	0.8515555564834321	1.0530090443679065	1.2092591523410339	0.8582472669041942	1.2042326485874202	2.0	0
