位	渭	蠄1	蠄2	蠅1	蠅2	tree_length	n_extinct
1.310632112140277	0.4105729845032307	8.361697788085714	1.82061293082964	2.54508180685083	4.106298993440906	3.2415505258259345	3
