位	渭	蠄1	蠄2	蠅1	蠅2	tree_length	n_extinct
0.3189705707593847	0.037000049209359155	0.24400251933380906	0.15232059378269278	0.09284925361967211	4.244588750836712	3.0970944737316297	0
