位	渭	蠄1	蠄2	蠅1	蠅2	tree_length	n_extinct
0.5348902580107276	0.07175138365420333	3.3947027679868156	2.341425225076809	1.9633144046110929	0.7711115974781424	4.835117722382306	0
