位	渭	蠄1	蠄2	蠅1	蠅2	tree_length	n_extinct
1.1489419135872547	0.22331655494057193	1.0547489017528158	0.16594971385407112	0.30384267094072887	1.2507843939967092	14.750973336321092	3
