位	渭	蠄1	蠄2	蠅1	蠅2	tree_length	n_extinct
0.9280174936031164	0.33021364249886626	1.4930850213051468	0.3262627091162574	0.4821384038017345	0.19781085821500874	2.156981962056492	1
