位	渭	蠄1	蠄2	蠅1	蠅2	tree_length	n_extinct
0.42239461035069564	0.13695434049147934	0.9434557033619537	1.1834058404657208	1.0235861225552776	2.393968801575355	2.0	0
