位	渭	蠄1	蠄2	蠅1	蠅2	tree_length	n_extinct
0.42427987409594026	0.6838659633637925	1.3638850434614738	0.36777086177373963	2.647319088305608	0.19116473786681976	2.0	0
