位	渭	蠄1	蠄2	蠅1	蠅2	tree_length	n_extinct
1.162250133019754	0.654032604421829	0.7128131643047259	3.168149880409637	0.3960404891720625	20.203525879685664	6.667218706825401	4
