位	渭	蠄1	蠄2	蠅1	蠅2	tree_length	n_extinct
0.46716861828350104	0.41508650965395516	0.8933693392777199	1.567605778687076	2.6006301408872847	0.7150743806005829	2.0	0
