位	渭	蠄1	蠄2	蠅1	蠅2	tree_length	n_extinct
0.44834717566594035	0.5499754243806201	0.226393446701378	0.46541503171249915	1.3356676277495476	2.227392465588321	2.6180487994388484	2
