位	渭	蠄1	蠄2	蠅1	蠅2	tree_length	n_extinct
3.541013127859832	0.9690802018792017	1.5116951809420087	0.65675798749047	1.6337311627131372	0.7428122307686129	15.324974551206882	19
