位	渭	蠄1	蠄2	蠅1	蠅2	tree_length	n_extinct
0.08648595754733444	0.2231877938419409	0.24758516153561255	0.6039136062475874	0.21977268688120707	0.14858616636977748	2.0	0
