位	渭	蠄1	蠄2	蠅1	蠅2	tree_length	n_extinct
0.25797566640023945	0.17433075504421155	0.37302385869218163	1.1990154594628608	2.919164184644513	1.670423632670016	2.0	0
