位	渭	蠄1	蠄2	蠅1	蠅2	tree_length	n_extinct
1.0166409300786647	0.8947828453144678	0.32714638676722546	0.055592598534408184	1.218978804854174	1.6036485457571967	2.6050888919056043	2
