位	渭	蠄1	蠄2	蠅1	蠅2	tree_length	n_extinct
1.429883385871931	0.03567307216788955	1.3543966842147475	0.15253723644052286	0.02866645531565683	1.8174970812610531	58.08136764495469	1
