位	渭	蠄1	蠄2	蠅1	蠅2	tree_length	n_extinct
1.1072076010400989	1.0055251549908428	2.5417025198296783	5.4078304454340875	3.612917432515334	0.0632694726103965	3.131628398736654	4
