位	渭	蠄1	蠄2	蠅1	蠅2	tree_length	n_extinct
0.5953362023697234	0.9635010698832888	2.7666101365498075	3.014246823910479	0.46192016024643134	0.8634476376932999	4.511046101130991	3
