位	渭	蠄1	蠄2	蠅1	蠅2	tree_length	n_extinct
0.049074609509096145	0.36225883972574496	2.0269253902213595	0.1479689952703414	8.367589939740226	0.535746252756736	2.0	0
