位	渭	蠄1	蠄2	蠅1	蠅2	tree_length	n_extinct
0.08362069720961726	0.161826528108198	1.0160257115809392	0.14941829548293845	0.07953092711666583	0.36850583585264357	2.5927406084689517	1
