位	渭	蠄1	蠄2	蠅1	蠅2	tree_length	n_extinct
0.2565742303324179	0.18934276422166907	0.8657098046132824	0.7823392927518973	2.350081735406809	1.0924474762672522	2.0	0
