位	渭	蠄1	蠄2	蠅1	蠅2	tree_length	n_extinct
0.7262287947055399	0.14309168404292008	0.7601573259031086	0.307083295469774	5.209784818232387	0.875655125366222	8.880357231052793	1
