位	渭	蠄1	蠄2	蠅1	蠅2	tree_length	n_extinct
1.0687991871338043	0.23857061454970718	0.5768203555407568	0.35951203706727125	2.5630588187711214	2.22627576571645	3.8478734681065023	1
