位	渭	蠄1	蠄2	蠅1	蠅2	tree_length	n_extinct
0.2227921971008973	0.3375199086081974	1.9955278069959448	0.1433459919593346	0.15895423033044012	0.11547200440109126	2.923738249539519	0
