位	渭	蠄1	蠄2	蠅1	蠅2	tree_length	n_extinct
0.08215882653434595	0.26001603924541006	0.0888978040487102	1.3499484757822466	4.611463035595833	0.8537080085428729	4.574351343295703	0
