位	渭	蠄1	蠄2	蠅1	蠅2	tree_length	n_extinct
1.6171579504293387	0.2495286839269438	0.4291542616226705	0.46970112548961207	1.6085790491905756	2.6209700755795153	23.0524536351461	7
