位	渭	蠄1	蠄2	蠅1	蠅2	tree_length	n_extinct
2.660265056643676	0.5727927103298337	0.36653730917441496	0.07561161848034603	2.230473267284832	1.3708634867434348	31.23741337445175	19
