位	渭	蠄1	蠄2	蠅1	蠅2	tree_length	n_extinct
2.2423396151566517	1.373515418141056	0.2894985132477589	0.5092787643489557	3.14272983310942	4.386231126281986	8.023879376637302	11
