位	渭	蠄1	蠄2	蠅1	蠅2	tree_length	n_extinct
2.40765557338214	0.5522878266195627	0.006863995154448577	0.0787165780017804	4.094962307174098	0.22074612511330644	34.6922158658306	13
