位	渭	蠄1	蠄2	蠅1	蠅2	tree_length	n_extinct
0.6996404820140569	0.7397140093936169	1.3547415988806695	0.5705690353143451	7.207519255793954	11.282654013973826	2.0	0
