位	渭	蠄1	蠄2	蠅1	蠅2	tree_length	n_extinct
0.2925395273110432	0.6823364456716856	0.5823976839658749	1.3129146576797772	1.1540685309937346	1.3317602651047293	2.0	0
