位	渭	蠄1	蠄2	蠅1	蠅2	tree_length	n_extinct
2.674123103866813	0.6956825629837393	0.14989548574158568	0.1331166454806694	0.6911180215528587	0.2066965570707803	8.196288455266242	7
