位	渭	蠄1	蠄2	蠅1	蠅2	tree_length	n_extinct
1.4407904272150067	0.2990940442433513	0.9026797283821585	0.11197648101767031	0.4750667962624804	0.2314053547329809	4.453223700755499	0
