位	渭	蠄1	蠄2	蠅1	蠅2	tree_length	n_extinct
0.09611251583706261	0.5600664576187926	0.06994162365025523	7.566319285941881	3.7753782092540664	3.5453572294243525	1.9999999999999996	0
