位	渭	蠄1	蠄2	蠅1	蠅2	tree_length	n_extinct
1.8253818895978258	0.07417548437741651	1.547170192102404	2.472430439385207	0.3656867738708551	1.3445307405152727	7.285967958439389	3
