位	渭	蠄1	蠄2	蠅1	蠅2	tree_length	n_extinct
0.037842601361035885	0.02172654784859468	0.3233040333370223	0.23312073384410772	5.447691241765905	1.0317956026852906	2.0	0
