位	渭	蠄1	蠄2	蠅1	蠅2	tree_length	n_extinct
1.2348410271479457	0.24978092334174384	0.4956993279773249	1.0554743434787146	2.5695321339916624	0.9290138321289452	10.284755934299474	1
