位	渭	蠄1	蠄2	蠅1	蠅2	tree_length	n_extinct
0.10840017781866676	0.10040381135961053	1.8175245485581688	0.24701543339442666	3.333754270103157	0.11557618363608145	2.0	0
