位	渭	蠄1	蠄2	蠅1	蠅2	tree_length	n_extinct
1.6895171137381653	0.19723225712898174	0.04943713196291441	0.8226256793681407	0.4022521592846194	1.7368824673697987	4.978121519823059	1
