位	渭	蠄1	蠄2	蠅1	蠅2	tree_length	n_extinct
2.0762062753187513	0.3352134144528382	5.542906196801078	1.5798198275620263	0.5144210421879262	3.411046997917485	11.90634107397188	5
