位	渭	蠄1	蠄2	蠅1	蠅2	tree_length	n_extinct
0.7916496668492312	1.3012520606303364	1.6254669283478653	0.004168219766498818	8.110593118473233	2.7711725207122053	2.906899264714519	2
