位	渭	蠄1	蠄2	蠅1	蠅2	tree_length	n_extinct
0.37978185276584364	0.5943495899600365	0.905967179314931	0.018101713339038785	1.6908073359509423	0.9144454479334924	2.1098531140358827	2
