位	渭	蠄1	蠄2	蠅1	蠅2	tree_length	n_extinct
0.850649134086504	0.09694785962624546	0.6373443844841012	0.19291858613145	3.9878557211722963	0.9996794067701477	11.459111328261404	0
