位	渭	蠄1	蠄2	蠅1	蠅2	tree_length	n_extinct
2.1254755878746687	0.527907112328323	1.0280690276537157	1.9488385508160355	4.662025865868552	3.0953742509904645	22.344270467049135	14
