位	渭	蠄1	蠄2	蠅1	蠅2	tree_length	n_extinct
0.7961633340035976	0.06502742985459495	0.8575266112784867	0.06355398876511285	0.5916020651313184	2.917174396465728	3.843669431299526	0
