位	渭	蠄1	蠄2	蠅1	蠅2	tree_length	n_extinct
0.09545548554709903	0.6086868010909344	1.6899169410690373	0.4746717220796388	0.2771583755671406	2.752037455728175	2.0	0
