位	渭	蠄1	蠄2	蠅1	蠅2	tree_length	n_extinct
0.2638952458014759	0.18987784315778283	1.2512293208418448	1.2402196659594302	3.2567802484890342	0.9293818883746816	4.24476008936079	0
