位	渭	蠄1	蠄2	蠅1	蠅2	tree_length	n_extinct
0.15182892669285009	0.8855870982615516	0.7145761472108372	0.4776271496605344	1.0815189635738633	0.18651758815541394	2.0	0
