位	渭	蠄1	蠄2	蠅1	蠅2	tree_length	n_extinct
0.21829897054705988	0.145526579894253	0.2945470182934305	1.1774304366026638	1.6224354997712194	5.124772988527569	2.0	0
