位	渭	蠄1	蠄2	蠅1	蠅2	tree_length	n_extinct
2.3263114075303517	0.6740409430005968	1.9359303273282362	0.24443258270973364	0.6271187222159238	1.965012770867356	23.06053902790437	16
