位	渭	蠄1	蠄2	蠅1	蠅2	tree_length	n_extinct
1.4743642443045248	1.0927844117934176	1.199359599359771	0.04530992770118354	0.7018775178645584	1.4700265748356434	3.4188235638520315	5
