位	渭	蠄1	蠄2	蠅1	蠅2	tree_length	n_extinct
0.3948700024574763	0.08046743408049699	0.9051982029152806	0.06376585921072778	3.118870700482764	1.5586658887412947	2.0	0
