位	渭	蠄1	蠄2	蠅1	蠅2	tree_length	n_extinct
1.8344761375088872	0.1062757907332487	0.26871273708758997	0.14428578098445582	0.19055860562115853	0.5413266941705736	9.373309398629745	1
