位	渭	蠄1	蠄2	蠅1	蠅2	tree_length	n_extinct
0.8024248612714424	0.32396519828710135	0.4006619221690057	1.4755151834498517	4.749544553894967	0.3477265917249462	4.096847721899444	3
