位	渭	蠄1	蠄2	蠅1	蠅2	tree_length	n_extinct
0.15320057860271835	0.023929384611602444	0.3136018824470242	2.952341591335829	2.3523058472620617	0.3958396603247723	1.9999999999999998	0
