位	渭	蠄1	蠄2	蠅1	蠅2	tree_length	n_extinct
0.04147763422560787	0.39742502125902196	0.551201667693096	0.6073555737753038	1.1819032873213744	2.401392248597225	2.0	0
