位	渭	蠄1	蠄2	蠅1	蠅2	tree_length	n_extinct
1.513133647856713	0.03460179767568685	0.2750402977460712	1.024759726681427	1.2993172419024186	1.0914712798624133	2.0	0
