位	渭	蠄1	蠄2	蠅1	蠅2	tree_length	n_extinct
0.2451519439898061	0.5612708784521426	0.3610358919379654	1.6428445077965064	0.8411482435343022	4.3273395826451075	2.344599162733113	1
