位	渭	蠄1	蠄2	蠅1	蠅2	tree_length	n_extinct
1.8522650723463039	0.2443237699847769	2.486698552740093	1.2660679383850781	0.8081425846360946	2.307435033030072	36.63779217871131	12
