位	渭	蠄1	蠄2	蠅1	蠅2	tree_length	n_extinct
2.0403760814003826	1.055727602840545	1.3212137049216341	1.6544707219625987	2.345813610912145	0.612267623774873	2.0	0
