位	渭	蠄1	蠄2	蠅1	蠅2	tree_length	n_extinct
2.3681939549459505	0.4236913787955457	0.57448127757219	3.689731857656972	1.211596688184522	2.424240300285087	41.71425196693928	16
