位	渭	蠄1	蠄2	蠅1	蠅2	tree_length	n_extinct
0.06860243929813369	0.5704076583303715	0.807960481436052	1.6977608969831772	0.7581928849859038	2.0845124771390253	2.0	0
