位	渭	蠄1	蠄2	蠅1	蠅2	tree_length	n_extinct
0.5984857263585858	0.038115324803631646	1.7876076250430224	2.8216773412998757	0.730887779289949	0.013406883015585073	2.5878386097583297	0
