位	渭	蠄1	蠄2	蠅1	蠅2	tree_length	n_extinct
1.4386668250942103	0.8390214544812112	0.11999391216354859	0.07726057022580811	2.877520753880975	0.41323917993263826	6.9413121931457376	4
