位	渭	蠄1	蠄2	蠅1	蠅2	tree_length	n_extinct
1.4845378025827594	0.4291280262528995	0.22308274958047628	0.5577898200304054	0.8116296405047829	0.4616344279467432	11.031603692828329	5
