位	渭	蠄1	蠄2	蠅1	蠅2	tree_length	n_extinct
1.3410164876495707	0.44629478730396527	0.25205179752480494	0.6298494687920198	1.742007078059794	0.1271758361634115	3.0656319695804917	2
