位	渭	蠄1	蠄2	蠅1	蠅2	tree_length	n_extinct
0.9295582294700838	0.037998406587143256	1.4637865221165476	2.132381261959236	3.7260855665411965	2.6276949252294792	7.694762034909701	0
