位	渭	蠄1	蠄2	蠅1	蠅2	tree_length	n_extinct
0.23325405534551003	0.030197657066892543	0.7948330857610555	1.304908789338518	2.6296351067629233	1.60285417334859	2.0	0
