位	渭	蠄1	蠄2	蠅1	蠅2	tree_length	n_extinct
0.10654811429970992	0.21106547258002892	0.24401880108066218	1.4699868574934392	3.135853121154944	0.503039870857619	2.0	0
