位	渭	蠄1	蠄2	蠅1	蠅2	tree_length	n_extinct
0.9531398518722163	1.0452563658293765	1.0790751405579388	1.442353009664418	5.590797104018653	0.06695846943178474	2.4568238258887325	1
