位	渭	蠄1	蠄2	蠅1	蠅2	tree_length	n_extinct
0.866127382431069	0.0729687283445659	0.6321599439438756	0.5294383218511525	0.7782398043745028	0.1831534916641016	4.156150320799273	1
