位	渭	蠄1	蠄2	蠅1	蠅2	tree_length	n_extinct
1.6417331885172315	0.26890505757290156	1.1422494790975557	0.01831229760345243	1.899071256311628	1.4215106143453744	13.626782520273144	2
