位	渭	蠄1	蠄2	蠅1	蠅2	tree_length	n_extinct
2.374117676716134	0.4614718087122501	0.7684248223634125	0.22322926170225846	0.10289607992897738	1.6195279229657196	25.486325757847002	11
