位	渭	蠄1	蠄2	蠅1	蠅2	tree_length	n_extinct
2.495744068608939	0.12469273003122333	0.7807633849572079	0.5427132242526792	1.0812777176952362	0.07903067764206378	10.354927601300515	2
