位	渭	蠄1	蠄2	蠅1	蠅2	tree_length	n_extinct
1.1435921365158792	0.4989261478914326	0.667453073541543	0.4592536053151407	2.230786137256492	0.16712430434332262	46.19773853565331	20
