풭	풮	풤풭	풤풮	픢풭	픢풮	픧1	픧2	픨1	픨2	tree_length	n_extinct
3.526143847361039	1.1031069790724342	0.08200969785026545	-0.006642735178106253	0.28786380980303405	0.32743175221609855	3.322687066490488	1.959729653360767	35.28852012496358	13.641018932649839	33.728	37
