位	渭	蠄1	蠄2	蠅1	蠅2	tree_length	n_extinct
0.08264448320545423	0.48656934311109884	0.33608087345955917	0.90120249882679	3.9492942263782598	1.3336652084985205	3.095469719846804	1
