位	渭	蠄1	蠄2	蠅1	蠅2	tree_length	n_extinct
3.731430787750581	1.0775999531365898	0.15065716540991195	1.1855230983692011	1.0725015403424358	2.550142666458153	3.390302612508047	7
