位	渭	蠄1	蠄2	蠅1	蠅2	tree_length	n_extinct
0.26391757026780377	0.9101413171777929	0.6215104624956489	0.311210818935448	1.2022828136121122	0.7155021941581837	2.0	0
