位	渭	蠄1	蠄2	蠅1	蠅2	tree_length	n_extinct
1.8418574397812078	0.354531873485453	0.7994878030877655	1.1177007802925396	0.6251105012492274	2.3145944167339225	2.4737789661824907	2
