位	渭	蠄1	蠄2	蠅1	蠅2	tree_length	n_extinct
0.09406528362604959	0.6615482532669679	0.36791507990193506	0.4459147388294737	0.8604354193384347	1.7162942830530943	2.0	0
