位	渭	蠄1	蠄2	蠅1	蠅2	tree_length	n_extinct
1.0762617206472511	0.007597472936731089	0.8687461921052635	0.4192790314388124	0.5534927774890696	0.3985422575567794	3.266040120354481	0
