位	渭	蠄1	蠄2	蠅1	蠅2	tree_length	n_extinct
2.2674894054931385	0.4890441042045951	0.19837273499096306	0.721678583726922	0.38182883398243495	1.0155545874230318	19.58242058776207	11
