位	渭	蠄1	蠄2	蠅1	蠅2	tree_length	n_extinct
3.6440133255656764	1.189955227945855	4.7918789510237945	0.9688682105660256	4.253902192385386	2.1360600066472553	10.964758041222021	15
