位	渭	蠄1	蠄2	蠅1	蠅2	tree_length	n_extinct
1.4426204026840623	0.2966538741459856	0.8147822330538381	0.8617279315438776	6.2641599096960086	2.0622806081163727	22.56251150320233	4
