位	渭	蠄1	蠄2	蠅1	蠅2	tree_length	n_extinct
3.0877918426602875	0.7333741201111924	2.295945314733952	2.9510512392871378	0.8929231904950025	0.9980567024189289	38.541105805124474	29
