位	渭	蠄1	蠄2	蠅1	蠅2	tree_length	n_extinct
0.307586413837837	0.33253338498881047	0.21802786770464136	0.036459230930873096	3.4275623930786403	2.7836916943205825	3.960960916943241	0
