位	渭	蠄1	蠄2	蠅1	蠅2	tree_length	n_extinct
1.054358361815635	0.3107318807820277	2.153929585870256	0.11243953612978852	1.705587402893799	0.28971584427708597	3.7316791708712493	2
