位	渭	蠄1	蠄2	蠅1	蠅2	tree_length	n_extinct
1.7944827769176959	0.021270407203116834	0.8309817210999098	0.6756515044316616	0.4666349743215402	0.5160034232910188	59.117758592017296	1
