位	渭	蠄1	蠄2	蠅1	蠅2	tree_length	n_extinct
0.37539816310575413	0.9932132559559752	0.45748581952238443	0.7781691052830008	0.5106242506592465	1.8536549449606121	2.0	0
