位	渭	蠄1	蠄2	蠅1	蠅2	tree_length	n_extinct
0.939560160030867	0.16866626063871323	2.0859774149505155	0.5682380181173637	0.7016845734526161	1.18464165682058	1.9999999999999998	0
