位	渭	蠄1	蠄2	蠅1	蠅2	tree_length	n_extinct
0.35524925374454064	0.3677336760138133	0.6311966409538234	2.1003018048578106	6.257455031405799	3.287624758511354	2.7715397986717405	1
