位	渭	蠄1	蠄2	蠅1	蠅2	tree_length	n_extinct
1.2295963255186622	0.36416390299687834	0.5220385359554307	0.049466893544459996	4.07892289385278	3.2605689445190986	2.3792646983613803	0
