位	渭	蠄1	蠄2	蠅1	蠅2	tree_length	n_extinct
1.076710129633694	0.17045903197059634	0.16947345467573469	2.6443713193775173	2.6073225641703	1.114322080641597	3.0762085013483684	0
