位	渭	蠄1	蠄2	蠅1	蠅2	tree_length	n_extinct
3.2880441343600877	0.011101159470946462	0.09565905119609973	0.22624227722103118	3.074157983831982	4.513416232328531	11.733739554206668	0
