位	渭	蠄1	蠄2	蠅1	蠅2	tree_length	n_extinct
0.6327079694184378	0.21334943226061634	1.6370032300315436	0.9823864701315026	2.92895984363263	1.3556021275140557	5.119183705829553	0
