位	渭	蠄1	蠄2	蠅1	蠅2	tree_length	n_extinct
0.4977578398654871	0.3691470988856024	0.4594276601202382	0.1660090902305251	0.4776204076214395	1.7559502251655572	4.908681123572303	0
