位	渭	蠄1	蠄2	蠅1	蠅2	tree_length	n_extinct
0.07294546131045587	0.0022425056125805237	0.378911833336524	0.12058936017340732	2.070563968703727	2.0493021159873996	1.9999999999999998	0
