位	渭	蠄1	蠄2	蠅1	蠅2	tree_length	n_extinct
0.09123450110546132	0.9490498270605778	1.32320418247205	0.010445041068133938	0.5835457835914534	0.33628693741499394	2.0	0
