位	渭	蠄1	蠄2	蠅1	蠅2	tree_length	n_extinct
4.545066790001487	1.1035057337675027	0.929280308250385	0.4845586699757148	0.14544027999993037	10.54788714595602	41.16996740901825	43
