位	渭	蠄1	蠄2	蠅1	蠅2	tree_length	n_extinct
2.5586299608482115	1.2697791426307936	0.8911687668249276	0.026427059210627647	1.1550712720986889	2.96674627259757	3.360867146184303	6
