位	渭	蠄1	蠄2	蠅1	蠅2	tree_length	n_extinct
3.332541018571036	0.2668226302285206	0.5181974776835434	6.962891629755184	4.665535864743637	1.345128290082342	33.075716872999365	6
