位	渭	蠄1	蠄2	蠅1	蠅2	tree_length	n_extinct
0.1356959429488789	0.34526521652007547	0.2493366860362148	0.7276635089472858	1.0664970771906106	3.272422399198451	2.0	0
