位	渭	蠄1	蠄2	蠅1	蠅2	tree_length	n_extinct
0.2168714621218192	0.18082186965007324	2.1898176216017906	2.090045066804883	0.3056383619540992	6.128687117157409	3.637964677728726	0
