位	渭	蠄1	蠄2	蠅1	蠅2	tree_length	n_extinct
0.23392054260708797	0.32603399242843695	1.2076422953681267	0.6670824184236391	1.748364957818514	1.5217042532595693	2.8515350392583914	0
