位	渭	蠄1	蠄2	蠅1	蠅2	tree_length	n_extinct
0.15498739557040225	0.5006790827258402	0.024483751550605864	0.4334277558264746	5.935783858545733	0.565194545123302	2.0	0
