位	渭	蠄1	蠄2	蠅1	蠅2	tree_length	n_extinct
0.15574780334776991	0.021209453399247916	0.7754400581887143	0.8896947850348667	6.176285217432473	5.140470419542775	2.0	0
