位	渭	蠄1	蠄2	蠅1	蠅2	tree_length	n_extinct
0.047240441065643915	0.3822376857469818	1.9123004377908812	0.5153428659067086	1.6044568989871029	5.350009194859686	2.0	0
