位	渭	蠄1	蠄2	蠅1	蠅2	tree_length	n_extinct
1.1393012309023045	0.2180923555009084	1.9110883840812507	0.8800435688014172	0.41421411737404645	2.174908359922958	4.91790581132714	1
