位	渭	蠄1	蠄2	蠅1	蠅2	tree_length	n_extinct
0.34290683099845176	0.5123088465885026	0.8831612409136235	0.5567485342094295	0.34085944662866935	1.0551157832553895	3.183722517985866	0
