位	渭	蠄1	蠄2	蠅1	蠅2	tree_length	n_extinct
0.7317050691353815	0.07958320825307187	2.2807235994432444	0.45600024727762833	0.6328611394983704	1.9019738959200663	3.41248598115292	0
