位	渭	蠄1	蠄2	蠅1	蠅2	tree_length	n_extinct
1.436227689272743	0.4663415586533268	1.7236089909585164	1.4637224968744027	0.6715769048528266	1.8434709961002946	3.4835463149978496	5
