位	渭	蠄1	蠄2	蠅1	蠅2	tree_length	n_extinct
0.7563618887458111	0.04288080434421597	2.3196999019272297	0.1806677996975262	4.771666431688902	0.6914893083072109	3.80135502603778	0
