位	渭	蠄1	蠄2	蠅1	蠅2	tree_length	n_extinct
0.35328925365859254	0.963211408359418	0.24529917262776796	2.443065723167261	0.023650969915959646	5.332703492587	2.0406794733420486	1
