位	渭	蠄1	蠄2	蠅1	蠅2	tree_length	n_extinct
0.513123551899463	0.040940348389609506	1.7999856333371784	0.6980940014502541	0.2853394689529626	1.1476458221662817	2.0	0
