位	渭	蠄1	蠄2	蠅1	蠅2	tree_length	n_extinct
1.5318661311389685	0.8457802563322504	0.5811298360218988	0.09444259305264174	0.11934085958881209	3.2882507699744563	14.190885155652985	10
