位	渭	蠄1	蠄2	蠅1	蠅2	tree_length	n_extinct
0.9680959123000664	0.7232644031999517	3.5111370859066784	0.4350540006468811	1.1080856849330183	7.316474998075576	2.0	0
