位	渭	蠄1	蠄2	蠅1	蠅2	tree_length	n_extinct
1.7854894617218469	0.9804619892845823	0.20473445580310007	1.2328368571834991	0.4090198478281304	2.5444045828897917	2.538904014173381	2
