位	渭	蠄1	蠄2	蠅1	蠅2	tree_length	n_extinct
0.6811609993108659	0.14196971652341075	0.794496415717289	0.2995400450030665	0.6003562775255638	5.474920062583354	4.076340403038162	0
