位	渭	蠄1	蠄2	蠅1	蠅2	tree_length	n_extinct
0.6485602309281997	0.7948679045612974	0.4783851398148736	0.0638131728753823	2.670257719759929	0.6265503331403107	3.4032464684280175	2
