位	渭	蠄1	蠄2	蠅1	蠅2	tree_length	n_extinct
2.5432690555445703	0.11869514795196198	0.19587511211143854	0.013028810379487438	1.621671482631726	1.2481792056785648	24.97776293981262	2
