位	渭	蠄1	蠄2	蠅1	蠅2	tree_length	n_extinct
0.430821821918144	0.9067124081518325	0.03599800433837906	0.03470461228919134	4.193402162958962	0.17428867235561327	3.6608340827782704	2
