位	渭	蠄1	蠄2	蠅1	蠅2	tree_length	n_extinct
1.5298278963058356	0.2668083924072314	0.5182657850204005	0.5496201808524929	0.02658237678113227	0.2754249809526595	9.13206043565704	1
