位	渭	蠄1	蠄2	蠅1	蠅2	tree_length	n_extinct
2.7724351033180716	1.1955008428856204	0.7814036391384928	0.4689911177613662	0.548429602284291	0.019988331731956303	27.02450350454028	26
