位	渭	蠄1	蠄2	蠅1	蠅2	tree_length	n_extinct
0.32496863222116273	0.3211492623074143	0.018622197751390516	0.47756368127961957	0.5526891462897261	0.8158367383367201	2.554067705161306	1
