位	渭	蠄1	蠄2	蠅1	蠅2	tree_length	n_extinct
0.2113649505757992	0.3799730799865576	0.3991759991568983	0.3796147625492066	0.9704676240028168	0.753098310225883	3.5640210726531203	1
