位	渭	蠄1	蠄2	蠅1	蠅2	tree_length	n_extinct
0.29911914093437114	0.12582770604817528	0.8244445482891267	0.23902715610527492	0.5927205911113653	0.44786399580852465	2.0	0
