位	渭	蠄1	蠄2	蠅1	蠅2	tree_length	n_extinct
0.21460675044356436	0.16264388385742298	0.17350587947680818	0.3682021292752434	0.5873482967752701	1.4557974909322717	2.0	0
