位	渭	蠄1	蠄2	蠅1	蠅2	tree_length	n_extinct
1.0875834949885241	0.4126102073840866	0.810817096360014	0.6546177704799705	3.851633756294554	0.6910612597626238	12.006156356691635	1
