位	渭	蠄1	蠄2	蠅1	蠅2	tree_length	n_extinct
1.696631148335137	1.2010072655993749	2.610307575019693	0.48472765317632294	0.022959494437379414	0.19756639087331493	2.2325826643474147	2
