位	渭	蠄1	蠄2	蠅1	蠅2	tree_length	n_extinct
3.1391874677679756	0.12419145787901589	1.6931230511719408	4.557531989681635	6.47876045344899	10.572774753793457	20.710134874509677	2
