位	渭	蠄1	蠄2	蠅1	蠅2	tree_length	n_extinct
1.102154614664714	1.0165125095283103	0.361376036162868	0.010634039674976519	1.8481668809256075	0.5357542186217826	3.269978309157494	3
