位	渭	蠄1	蠄2	蠅1	蠅2	tree_length	n_extinct
1.7231729729444425	0.7932614245190203	1.2941755790414418	0.5041219314284546	3.3235024029337525	4.373584088756447	3.711511450158262	2
