位	渭	蠄1	蠄2	蠅1	蠅2	tree_length	n_extinct
0.7631290296256013	0.431910967287956	0.6247782000411417	0.5551868788729138	0.5852058716489243	0.053330287957647354	2.0	0
