位	渭	蠄1	蠄2	蠅1	蠅2	tree_length	n_extinct
0.3101155927138398	0.37804698020151334	3.065702411564713	0.15101347725928269	0.19875145686906495	3.1172628343103326	2.0	0
