位	渭	蠄1	蠄2	蠅1	蠅2	tree_length	n_extinct
2.3429584298585526	0.09901118628130226	0.5414574961913406	1.9059150289523281	2.8337679864659617	0.6883491086722877	28.545586444520236	2
