位	渭	蠄1	蠄2	蠅1	蠅2	tree_length	n_extinct
0.2010163144222101	0.07814719899107095	0.5696810178836965	0.8021654288203293	0.3382336645899197	0.42170407120954523	2.0	0
