位	渭	蠄1	蠄2	蠅1	蠅2	tree_length	n_extinct
0.27458334940916695	0.7055126255901611	0.6383738183859617	0.7737316742390445	0.7821892373314773	0.1800173083541643	2.530563056777052	1
