位	渭	蠄1	蠄2	蠅1	蠅2	tree_length	n_extinct
2.34056109236466	0.20958546186780835	2.7408372720588563	0.19114957175204836	0.1214487026183121	1.9117632474182369	6.562307193567959	3
