位	渭	蠄1	蠄2	蠅1	蠅2	tree_length	n_extinct
0.44664933888973224	0.34093652075166225	0.41137537203500285	1.2878159385951005	0.5271316011865652	1.9627400976362925	2.0	0
