位	渭	蠄1	蠄2	蠅1	蠅2	tree_length	n_extinct
0.6852697393790342	0.5782261031230312	0.4774820532976461	2.060956009284977	0.48768731882487526	0.258971564463826	6.173739842458738	2
