位	渭	蠄1	蠄2	蠅1	蠅2	tree_length	n_extinct
3.485666883447237	1.3981631295940145	0.22672316264327935	0.1580674906244941	4.9499390213925745	3.110506144264146	3.8892888156948278	8
