位	渭	蠄1	蠄2	蠅1	蠅2	tree_length	n_extinct
1.2286043227411525	1.2073381312257478	0.00924683802008836	1.0127782043809657	6.559474363112296	0.5151592575383571	6.104794077665774	6
