位	渭	蠄1	蠄2	蠅1	蠅2	tree_length	n_extinct
0.6237238640721698	0.010138328070924525	0.49017294252405536	0.5638033113503753	0.33770999445476013	6.957777694976523	7.035022849411942	0
