位	渭	蠄1	蠄2	蠅1	蠅2	tree_length	n_extinct
1.1856939999681388	0.9597091073397905	1.3990497812993279	1.7379138278019073	0.4501333539342694	0.6382701946689763	4.655905581068856	1
