位	渭	蠄1	蠄2	蠅1	蠅2	tree_length	n_extinct
1.4432829358151222	0.06283838750979587	0.7202537162168318	0.19677104299625547	3.2141486146236233	0.3338870605205486	11.706292416874582	0
