位	渭	蠄1	蠄2	蠅1	蠅2	tree_length	n_extinct
1.3996841625616891	0.30634042791866917	0.46963325744581036	1.0529261094744953	1.3566603306401166	0.13544247199887904	25.16388383649883	4
