位	渭	蠄1	蠄2	蠅1	蠅2	tree_length	n_extinct
0.8348496284988419	1.138880344693459	1.0008578034706375	2.048173663600796	5.12570012592027	0.1557249163860021	8.243816196867416	5
