位	渭	蠄1	蠄2	蠅1	蠅2	tree_length	n_extinct
1.1072630149181864	0.19433745839553476	0.6571236691909899	0.019040253868632607	2.271788570951626	2.262953543193999	13.564588390902687	3
