位	渭	蠄1	蠄2	蠅1	蠅2	tree_length	n_extinct
2.821273034365952	0.1628949935012267	1.748454610879749	1.6274692701160736	4.118376560846417	0.5968948972151039	34.27211037385116	4
