位	渭	蠄1	蠄2	蠅1	蠅2	tree_length	n_extinct
1.008901299262057	0.10126059821931031	0.8373855523840433	0.3249071995312487	1.4977242987792148	0.8213446111440378	2.0905381549578137	0
