位	渭	蠄1	蠄2	蠅1	蠅2	tree_length	n_extinct
0.6060289964387228	0.2906304941729625	4.40775220553435	0.7102141100714856	1.338493183311682	3.4679601189157503	2.959790661985706	2
