位	渭	蠄1	蠄2	蠅1	蠅2	tree_length	n_extinct
0.29183895489524597	0.07850409087669302	3.8979238323413163	0.38121455236403096	2.5571595461169996	0.4014092214071745	2.0	0
