位	渭	蠄1	蠄2	蠅1	蠅2	tree_length	n_extinct
1.8671567478934374	0.24932646544795042	2.9748775416874498	0.3826917741751435	5.88888876244858	0.38964287281622617	9.102287386943232	2
