位	渭	蠄1	蠄2	蠅1	蠅2	tree_length	n_extinct
2.2188798325209906	0.15605034767981565	0.7646581442201629	1.2649711419385268	0.9099677044634397	3.7493330908717204	47.83609722915944	4
