位	渭	蠄1	蠄2	蠅1	蠅2	tree_length	n_extinct
0.9144153341178153	0.9457960186926803	0.2016646784641028	1.050686175779473	2.918071351361259	0.07135341098767484	2.0489845260608304	1
