位	渭	蠄1	蠄2	蠅1	蠅2	tree_length	n_extinct
2.6362685957841117	1.0478574893780757	0.6198521901317848	0.7702293279044485	2.604026847634477	0.7527945112662325	32.046355056261966	31
