位	渭	蠄1	蠄2	蠅1	蠅2	tree_length	n_extinct
0.5095935371628145	0.8326951575205996	0.1455270231491911	0.7209131000994901	1.3371791398283814	1.541130927313446	2.2900434541563612	1
