位	渭	蠄1	蠄2	蠅1	蠅2	tree_length	n_extinct
0.4419482241113898	0.3686244610439814	1.4709132675285284	0.8706578969982811	3.0032465281699854	2.1091732193647172	2.0	0
