位	渭	蠄1	蠄2	蠅1	蠅2	tree_length	n_extinct
3.666928288718642	0.331909791807168	1.4120978448124086	0.033352446962762454	9.633299742181007	4.018081557011372	32.03369207303716	16
