位	渭	蠄1	蠄2	蠅1	蠅2	tree_length	n_extinct
0.12466067198486436	0.043755877850393095	2.1287764516757024	1.0503827666416803	3.6806585989757297	2.275486405506355	2.0	0
