位	渭	蠄1	蠄2	蠅1	蠅2	tree_length	n_extinct
0.7618260764612031	0.5932117246751822	1.5363524638645956	0.8551017696851564	3.4227213680286246	3.615412764330121	2.554138812113095	0
