位	渭	蠄1	蠄2	蠅1	蠅2	tree_length	n_extinct
0.5336428223947233	0.003705106598966566	0.8092578024923853	3.040183498016421	3.1038357548879927	3.667204649971343	4.966531633977375	0
