位	渭	蠄1	蠄2	蠅1	蠅2	tree_length	n_extinct
1.555629136727946	0.0112523138555567	0.08456583332393099	2.144601520145279	2.2875996306559774	4.949571248288056	42.15268257086177	0
