位	渭	蠄1	蠄2	蠅1	蠅2	tree_length	n_extinct
0.19397924491220683	0.006061161071563572	0.37043403930286956	0.7977462969070779	2.437339024372203	1.9554431317668852	2.0	0
