位	渭	蠄1	蠄2	蠅1	蠅2	tree_length	n_extinct
0.2706077924439158	1.0182707157810835	0.4022949447977051	0.6911149036833065	2.692302502939366	0.06768197770410468	4.060548508270717	1
