位	渭	蠄1	蠄2	蠅1	蠅2	tree_length	n_extinct
0.5462839744599276	0.16963430808716864	1.029414674820987	0.3006194414977178	3.3770553339020366	4.343811515791632	2.0	0
