位	渭	蠄1	蠄2	蠅1	蠅2	tree_length	n_extinct
1.6446273321747213	0.1278333217966351	0.2728708154359209	2.0162785966126973	2.4450565664105253	0.4441184796821659	16.3150913029076	3
