位	渭	蠄1	蠄2	蠅1	蠅2	tree_length	n_extinct
0.20855680108081795	0.37258342291665525	0.5444219087094644	0.942854733862075	1.8364482343198467	7.963052481010507	6.529637693200826	0
