位	渭	蠄1	蠄2	蠅1	蠅2	tree_length	n_extinct
0.7677200120561444	0.22137783198127053	1.7816327403865446	0.8580132251717348	0.30237725398138116	1.775400300861819	2.2360183742727187	1
