位	渭	蠄1	蠄2	蠅1	蠅2	tree_length	n_extinct
0.7316319458619094	0.023679785798478178	1.5443511281266542	0.08079988411775639	2.3638718644015064	4.869753656354443	13.433123878747724	0
