位	渭	蠄1	蠄2	蠅1	蠅2	tree_length	n_extinct
1.254810616701957	0.5044657545166578	0.4738608903585682	1.2471001913930744	2.5575220782622585	0.6398704648144744	25.140730978505907	11
