位	渭	蠄1	蠄2	蠅1	蠅2	tree_length	n_extinct
0.3983232750019336	0.17010506776281373	0.34212246300275	0.003645197861281702	2.045451839811282	0.11038878845139549	2.0	0
