位	渭	蠄1	蠄2	蠅1	蠅2	tree_length	n_extinct
1.0941694660386805	0.9553748540077991	4.1656134344679225	1.3656743198054209	4.797507451675401	0.4233996282816693	7.961359763036508	3
