位	渭	蠄1	蠄2	蠅1	蠅2	tree_length	n_extinct
0.47736684842417726	0.05234119741271815	1.687116943298704	0.00985348525845633	1.6915891913734267	0.4093898224788695	2.0	0
