位	渭	蠄1	蠄2	蠅1	蠅2	tree_length	n_extinct
0.42979178257827755	0.000750040329030484	0.6674662262707443	2.83679165578935	5.071528722434292	0.8570687230995735	2.0	0
