位	渭	蠄1	蠄2	蠅1	蠅2	tree_length	n_extinct
0.5151830282601574	0.21161261362206366	1.5782710981176453	1.0340911967089896	0.1362064293557648	1.269495988584367	2.808029410289936	0
