位	渭	蠄1	蠄2	蠅1	蠅2	tree_length	n_extinct
2.5503173314010534	0.05995735675920339	3.8385540699275063	0.30936511094171015	1.8835798021337926	5.192189757785099	24.43251413803682	5
