位	渭	蠄1	蠄2	蠅1	蠅2	tree_length	n_extinct
0.04521423487901198	0.15784652148376904	0.9466632351421812	1.1487804959910604	3.4474341389368495	3.2342376910124306	2.0	0
