位	渭	蠄1	蠄2	蠅1	蠅2	tree_length	n_extinct
0.4302015951323852	0.32908757301478336	0.19363866470900287	1.866868351081583	0.04853142103403007	0.05945230789718021	2.0	0
