位	渭	蠄1	蠄2	蠅1	蠅2	tree_length	n_extinct
0.9137332419511697	0.10053723491101411	1.7281729587996038	0.4605777971817217	1.4262689828448414	0.8831727303490209	2.471774451592304	0
