位	渭	蠄1	蠄2	蠅1	蠅2	tree_length	n_extinct
0.009778835195587277	0.26353130399679353	0.9726580017957323	0.0445724609695551	0.1543123744871639	5.706115952836433	2.0	0
