位	渭	蠄1	蠄2	蠅1	蠅2	tree_length	n_extinct
0.18699523503504856	0.6340124270153987	0.7116639708563832	0.5198601669016156	0.9418546466627923	0.32379739316941186	2.0	0
