位	渭	蠄1	蠄2	蠅1	蠅2	tree_length	n_extinct
0.15553247444381382	0.7353981029782802	0.23101161656811675	0.9044780684460875	0.8709509854962565	2.470619676706953	1.9999999999999998	0
