位	渭	蠄1	蠄2	蠅1	蠅2	tree_length	n_extinct
1.149906073295621	0.5734051242902135	0.3898380847944322	0.5211226230972128	0.7410020288719141	2.1884521411342095	5.756730485689327	3
