位	渭	蠄1	蠄2	蠅1	蠅2	tree_length	n_extinct
0.4184436442906365	0.199273452906177	0.32858888986921675	0.4577505228525991	1.3735752213088537	2.255784263870347	2.0	0
