位	渭	蠄1	蠄2	蠅1	蠅2	tree_length	n_extinct
0.9743556816341296	0.8769374003929158	1.2573960568359495	1.0502107024091447	3.537484505515028	2.017023697613806	4.919552417778994	3
