位	渭	蠄1	蠄2	蠅1	蠅2	tree_length	n_extinct
0.03474551677226938	0.7392300066932155	0.012320125942905082	1.1038735079599002	1.820477356494583	1.728686404066652	2.0	0
