位	渭	蠄1	蠄2	蠅1	蠅2	tree_length	n_extinct
0.2712297543646057	0.008638235174891092	0.8480018443290492	0.4295477286061359	1.993157727109271	0.09563121792149958	2.2581812858466077	0
