位	渭	蠄1	蠄2	蠅1	蠅2	tree_length	n_extinct
0.3064954554841291	0.2055076109163433	0.026433214974216215	0.8039611428077299	2.5973467141259583	0.9795573067750123	4.900095001051659	1
