位	渭	蠄1	蠄2	蠅1	蠅2	tree_length	n_extinct
0.17830197921464985	0.36243214095725507	0.320752599094908	1.7331675277105683	8.497452622747335	3.62075302844353	2.0	0
