位	渭	蠄1	蠄2	蠅1	蠅2	tree_length	n_extinct
0.175290278259883	0.07291352511943175	1.7625700385729923	0.5343943518483122	1.6908806793187956	1.0578533775705106	2.2975737994828034	0
