位	渭	蠄1	蠄2	蠅1	蠅2	tree_length	n_extinct
0.605564761387831	0.3853795553720069	0.022539660532819968	0.25314497945031045	1.6101814337808942	0.6256957730999841	3.433854741265625	0
