位	渭	蠄1	蠄2	蠅1	蠅2	tree_length	n_extinct
1.0623513712940413	0.538351558307133	0.2912892289944533	1.0022997946846006	0.3658988556388325	3.741286158927458	5.0584867534170685	1
