位	渭	蠄1	蠄2	蠅1	蠅2	tree_length	n_extinct
0.3658986996151365	0.30861713848366534	1.7544804213700012	0.04080957363057613	2.7692414428591663	2.701434545259366	3.1985850394251583	1
