位	渭	蠄1	蠄2	蠅1	蠅2	tree_length	n_extinct
0.23648930221558748	0.1302040520175692	0.06665107852352445	2.3535996729680084	2.7108861847499455	1.4531351840644948	2.0	0
