位	渭	蠄1	蠄2	蠅1	蠅2	tree_length	n_extinct
0.4897125364166423	0.04304465517949129	0.3971328557803332	0.996362272236247	7.181752655987242	2.087461814381503	2.0	0
