位	渭	蠄1	蠄2	蠅1	蠅2	tree_length	n_extinct
0.9424134568549692	0.0898088332344587	0.011703686366185056	0.34876028101645584	1.6876002731041082	6.516196154357534	2.4763938174739133	0
