位	渭	蠄1	蠄2	蠅1	蠅2	tree_length	n_extinct
0.90362961911438	0.42137243689920506	3.725190440639995	0.7975381835382228	0.1984190147451002	0.855342131449235	2.3524711837854837	0
