位	渭	蠄1	蠄2	蠅1	蠅2	tree_length	n_extinct
1.0587190656055923	0.25180258685306994	1.3264439686498253	1.4791706194074667	1.6575030108622366	1.8522101810282627	4.379869899432746	1
