位	渭	蠄1	蠄2	蠅1	蠅2	tree_length	n_extinct
2.0585821011195553	1.1513485904835021	0.7667698809407032	0.6722960839816424	6.743232233168958	1.362164225377992	4.103680925768515	4
