位	渭	蠄1	蠄2	蠅1	蠅2	tree_length	n_extinct
0.3347122925781619	0.34896417639752325	0.16125087495834406	0.650932222490885	3.110019097790071	2.859790529787228	3.7123421937637535	0
