位	渭	蠄1	蠄2	蠅1	蠅2	tree_length	n_extinct
0.1737176317849198	0.45920197861278433	0.2963298870658917	1.360506403566307	3.2701120637054215	5.557245230668656	2.854965073980153	0
