位	渭	蠄1	蠄2	蠅1	蠅2	tree_length	n_extinct
0.6371524780101663	0.6527195230397373	0.988618216733403	2.7290584563500224	2.093772125793379	3.876554813252595	2.0	0
