位	渭	蠄1	蠄2	蠅1	蠅2	tree_length	n_extinct
0.9358545977975389	0.03051104530993458	0.029256571443451215	1.4504822444887535	4.5191499098739465	0.5497655463969948	3.87923342679468	1
