位	渭	蠄1	蠄2	蠅1	蠅2	tree_length	n_extinct
0.6749941644942246	0.07479166537891027	1.6807983354588996	0.28408233384065085	4.196354875178475	0.9619401548228296	6.797251560103274	0
