位	渭	蠄1	蠄2	蠅1	蠅2	tree_length	n_extinct
2.806163066960564	0.587364830584209	0.26186116717733154	3.476494485067918	0.993305411690403	0.3046388157097284	26.93549663229818	19
