位	渭	蠄1	蠄2	蠅1	蠅2	tree_length	n_extinct
0.43667437421329064	0.08277797455069397	0.8758266073972606	0.7462871696993908	1.145092185948734	1.908127655204959	2.0	0
