位	渭	蠄1	蠄2	蠅1	蠅2	tree_length	n_extinct
1.2355098372766842	0.9709306615011107	1.649985910790199	0.4376962388177912	2.7421527195742157	2.988069513819352	6.285740051432227	9
