位	渭	蠄1	蠄2	蠅1	蠅2	tree_length	n_extinct
2.6379498727817188	0.46097816240124634	0.2756394147723658	1.1702647824365315	4.893911930118293	1.5444645357981652	5.892336202749302	2
