位	渭	蠄1	蠄2	蠅1	蠅2	tree_length	n_extinct
0.9990028675095383	0.22355105904551428	2.0068956315426933	0.7430109480993189	3.4120229317654527	3.0837923736840316	6.982411448017522	2
