位	渭	蠄1	蠄2	蠅1	蠅2	tree_length	n_extinct
0.7377671998444443	2.6390043580927682	1.2334105290954467	0.5859853112139737	3.17904309799747	0.8084112450089391	4.749835695586379	3
