位	渭	蠄1	蠄2	蠅1	蠅2	tree_length	n_extinct
1.9264892982791855	3.1499588788216264	0.19805882539792538	0.08001853054663463	1.8232033269170347	0.14054333715419737	5.259030326318142	13
