位	渭	蠄1	蠄2	蠅1	蠅2	tree_length	n_extinct
1.1648769556700296	0.15009429982434808	0.2441549896615925	1.632966616947708	4.913371814063268	0.010177326524754742	5.330635737505695	0
