位	渭	蠄1	蠄2	蠅1	蠅2	tree_length	n_extinct
0.49423568952983576	0.15455191023459908	0.42745573572516116	1.0749363910171956	0.9977374368638935	3.691629977129154	2.0	0
