位	渭	蠄1	蠄2	蠅1	蠅2	tree_length	n_extinct
0.9530065569181401	0.06506623383921668	1.358150336741897	0.3162902107374947	5.0580532649736485	1.0970159952541938	12.371187778447299	0
