位	渭	蠄1	蠄2	蠅1	蠅2	tree_length	n_extinct
0.7704134625708553	0.13332606982644093	0.3395371285143049	2.17254196638664	0.21356897158829677	0.733758021226754	3.875798073773595	0
