位	渭	蠄1	蠄2	蠅1	蠅2	tree_length	n_extinct
0.3942137685746	0.7120940227908684	0.56119314031091	2.939803825088974	3.7863797854007903	1.6516108507413856	2.0	0
