位	渭	蠄1	蠄2	蠅1	蠅2	tree_length	n_extinct
1.8666856868213857	0.43032374559928466	0.05841722738170985	0.7484469214606052	0.35615551712290083	0.2732500401966893	4.553023153802009	1
