位	渭	蠄1	蠄2	蠅1	蠅2	tree_length	n_extinct
1.614821073350412	0.12150932182826017	2.3841676188217447	0.7010768359432548	1.725009550260273	0.8357051502714201	6.603878877371426	1
