位	渭	蠄1	蠄2	蠅1	蠅2	tree_length	n_extinct
2.5540215479882504	1.1575262448425905	0.8217873145205162	0.9181164976637323	0.872355160534722	0.7527905891273591	5.891722361114637	6
