位	渭	蠄1	蠄2	蠅1	蠅2	tree_length	n_extinct
0.8773829339521915	1.5429567828108461	0.20742700431450728	1.1585031347638162	0.5814788523247704	5.031199422057754	3.017991157543345	2
