位	渭	蠄1	蠄2	蠅1	蠅2	tree_length	n_extinct
0.5207631006591035	1.178414494118839	0.27520763015865973	0.7547928263548928	1.927153996311445	4.405345808612265	5.505689846941875	4
