位	渭	蠄1	蠄2	蠅1	蠅2	tree_length	n_extinct
0.9378083127425512	0.436492949054306	2.007424409961311	0.12344681946958434	2.066120298113026	5.746355380204783	2.4892519189998072	2
