位	渭	蠄1	蠄2	蠅1	蠅2	tree_length	n_extinct
0.2278560826920295	0.20086848750038364	0.7439288074243714	2.455268151526164	3.034631751565575	3.238942663910113	4.561040088944027	0
