位	渭	蠄1	蠄2	蠅1	蠅2	tree_length	n_extinct
0.46685225571305744	0.33530395657535716	0.8609339672699332	1.0185286091491157	1.4671386308610341	1.7111776931125033	2.0	0
