位	渭	蠄1	蠄2	蠅1	蠅2	tree_length	n_extinct
0.8571725581431022	0.2228377187318033	0.22670246859181833	1.1187340051877854	0.033175116877246696	0.5937672320892947	2.631387647822765	0
