位	渭	蠄1	蠄2	蠅1	蠅2	tree_length	n_extinct
0.31419452701120093	0.23396525309480357	0.30060802690398675	0.666150648026723	0.30044240858895627	0.8215275909087808	3.960025785386258	0
