位	渭	蠄1	蠄2	蠅1	蠅2	tree_length	n_extinct
0.8313563244828539	0.7426964921830075	0.8018349689551352	0.5504631412293657	0.5337396642033402	1.5743025176382748	2.0	0
