位	渭	蠄1	蠄2	蠅1	蠅2	tree_length	n_extinct
0.09293486560208206	0.13253787943877343	2.373567715076773	0.8952559695287928	0.2951124458074733	2.5480375763866183	2.0	0
