位	渭	蠄1	蠄2	蠅1	蠅2	tree_length	n_extinct
1.9965351685204582	0.42187050921671304	0.2472308703567644	0.27018698167581945	2.287200198503087	3.6028869074025183	3.8682505427271296	1
