位	渭	蠄1	蠄2	蠅1	蠅2	tree_length	n_extinct
0.9853411442959072	0.22781822272034033	0.06719923176787261	0.17336821199791805	1.5460793813002065	0.11001658565696706	7.364374638448882	2
