位	渭	蠄1	蠄2	蠅1	蠅2	tree_length	n_extinct
0.7717437257553809	0.560744802131711	0.2703354499522934	1.2113192568037823	0.6158048995632752	3.5087002138742593	2.1950210862272286	1
