位	渭	蠄1	蠄2	蠅1	蠅2	tree_length	n_extinct
0.06663362095671994	1.2718555130711235	0.14695629736745652	1.0226945024074816	1.3656038512842883	0.3130335470760161	2.0	0
