位	渭	蠄1	蠄2	蠅1	蠅2	tree_length	n_extinct
0.37792789086071404	0.6783028576200228	0.19881788296100456	2.834461330104658	1.7475440421012363	0.8068904476366688	1.9999999999999998	0
