位	渭	蠄1	蠄2	蠅1	蠅2	tree_length	n_extinct
0.2586338163729264	0.07237077204186684	0.7307911061048916	0.4898980048446326	2.0808956020203344	2.154344524017587	3.9396472784585232	0
