位	渭	蠄1	蠄2	蠅1	蠅2	tree_length	n_extinct
1.3355644469462127	0.7812704044543769	0.32914519128073777	0.3912835866134184	0.26342197311906607	1.6449669951122727	11.31096794979997	8
