位	渭	蠄1	蠄2	蠅1	蠅2	tree_length	n_extinct
0.38246940703926896	0.6000757427287126	1.6846697219573614	0.16491553767445974	0.23882322893587896	3.1754227617862183	2.650651225574045	1
