位	渭	蠄1	蠄2	蠅1	蠅2	tree_length	n_extinct
0.9121889913221406	0.8490145149254027	0.8132445491204745	0.11438257461252474	1.6961241402297709	1.7284759220046633	2.232006414028101	0
