位	渭	蠄1	蠄2	蠅1	蠅2	tree_length	n_extinct
2.460042796068495	0.5209772906306667	2.2962483967719036	0.5102414439101047	0.05387588212627231	1.473368713171973	31.834534565071007	16
