位	渭	蠄1	蠄2	蠅1	蠅2	tree_length	n_extinct
1.0765944420390747	1.4263598149308612	0.2744011755696122	0.4244206306192427	1.2273969507905482	2.7366399041369824	4.283279864639195	5
