位	渭	蠄1	蠄2	蠅1	蠅2	tree_length	n_extinct
1.6244449946087822	0.4248598038717044	0.06089852607497776	0.18935907013410014	4.59877609666265	2.7041591006189294	19.35364210715365	8
