位	渭	蠄1	蠄2	蠅1	蠅2	tree_length	n_extinct
0.7261512530940414	0.28450721945163404	5.055560401651007	3.9448931340723568	1.6629880688225882	2.9488883891930273	3.0002970208732442	2
