位	渭	蠄1	蠄2	蠅1	蠅2	tree_length	n_extinct
1.2929766967770275	0.3123527762808775	1.7689520186227359	2.3656706583954294	0.43436608843585306	1.700805426574407	9.357943077724522	3
