位	渭	蠄1	蠄2	蠅1	蠅2	tree_length	n_extinct
0.07151130062357679	0.43239018535827384	0.31669366059004894	2.2977956416164487	1.5355151799314966	2.8225354123716397	2.0	0
