位	渭	蠄1	蠄2	蠅1	蠅2	tree_length	n_extinct
1.9803332612075604	0.4009862230587884	1.27760703309406	1.1566550488225595	3.193452596166889	1.8733361055532922	12.14898414544905	5
