位	渭	蠄1	蠄2	蠅1	蠅2	tree_length	n_extinct
0.7072624359218751	0.09056240537776392	1.4392571260209153	1.8450105619329846	0.6101026929303871	3.0480673461298404	3.446282921394282	0
