位	渭	蠄1	蠄2	蠅1	蠅2	tree_length	n_extinct
0.4296297703848717	0.1893881231045137	0.018541022936125116	0.13861600333059432	0.9000008432364912	0.7776371672808123	2.0	0
