位	渭	蠄1	蠄2	蠅1	蠅2	tree_length	n_extinct
3.272615703983058	0.019883949727784306	0.47266578074313603	1.0390875091974536	0.031246520028953055	1.29245008348313	58.06227948537142	5
