位	渭	蠄1	蠄2	蠅1	蠅2	tree_length	n_extinct
2.892686764980454	1.1830138686722638	2.2542825626756238	0.35625390247678995	3.174249495484159	5.327342382331015	15.696965328975686	13
