位	渭	蠄1	蠄2	蠅1	蠅2	tree_length	n_extinct
2.2152917098836977	0.009198300771513231	2.1621831199509915	0.20392417846026	0.5288125119624955	5.281524726607177	42.83644380243196	0
