位	渭	蠄1	蠄2	蠅1	蠅2	tree_length	n_extinct
0.05982414489411342	1.4627327264523855	0.4019995574573261	0.2697949010581976	1.255462423347499	0.8560936604924374	2.0	0
