位	渭	蠄1	蠄2	蠅1	蠅2	tree_length	n_extinct
0.8455122834323326	0.5511837597280368	2.9836589531339204	4.705030268428333	1.0093123131106798	0.15137497429812669	3.4897529567239753	4
