位	渭	蠄1	蠄2	蠅1	蠅2	tree_length	n_extinct
2.365205951031168	0.42773887720226583	1.8144784377758187	1.3253885433972312	0.21578017492918422	3.697855570748578	12.090412470354417	0
