位	渭	蠄1	蠄2	蠅1	蠅2	tree_length	n_extinct
2.451637485848137	0.30678947744291923	0.5802425728080401	0.7430920801417285	0.48888898173479944	0.27325191806095217	11.716650722423493	8
