位	渭	蠄1	蠄2	蠅1	蠅2	tree_length	n_extinct
1.7231296826595395	0.2824533701760388	1.1242690164070144	0.2196437396647911	0.36937713158177904	1.3273037494025397	20.33452019142483	4
