位	渭	蠄1	蠄2	蠅1	蠅2	tree_length	n_extinct
1.0999635238346896	0.5694601979314317	0.8348196077166744	1.7152901281890598	3.343105583251378	3.0906904096817525	5.075762496707775	1
