位	渭	蠄1	蠄2	蠅1	蠅2	tree_length	n_extinct
1.3299789855363993	0.3086675073430098	1.342749162699113	2.040050682531192	1.447592360389795	2.7733710831786635	5.752605494731416	2
