位	渭	蠄1	蠄2	蠅1	蠅2	tree_length	n_extinct
0.08810490939544947	0.09561081211409223	0.6979117500843957	1.1679460553380225	0.19510638770035343	0.07812229146172438	3.148121538312292	0
