位	渭	蠄1	蠄2	蠅1	蠅2	tree_length	n_extinct
0.2911331690984177	0.5235566231838201	0.02989269029089197	0.2858709715686444	0.8124531667998415	1.2547792691570363	2.0	0
