位	渭	蠄1	蠄2	蠅1	蠅2	tree_length	n_extinct
0.6718487315988935	0.42290837840209494	0.07483475770957365	0.6360196493595107	0.11556688835597793	7.197621075986823	3.439476077741608	2
