位	渭	蠄1	蠄2	蠅1	蠅2	tree_length	n_extinct
0.019377766847511187	0.19462595809016828	0.9209389877967713	0.6295714064986839	0.820125312493569	0.983872811879723	2.0	0
