位	渭	蠄1	蠄2	蠅1	蠅2	tree_length	n_extinct
0.9094489104519178	0.8579427940952022	0.34394573094399183	1.8220845092546853	0.773902424160647	0.006822311031421	3.647996727324194	3
