位	渭	蠄1	蠄2	蠅1	蠅2	tree_length	n_extinct
0.06121533603271654	0.043881080074754865	1.110897111191567	2.335487339616192	0.4644014314373962	1.2022734818925607	2.0	0
