位	渭	蠄1	蠄2	蠅1	蠅2	tree_length	n_extinct
2.87154394811069	0.09977629086406005	0.2609032324407362	0.03641612406113807	0.8166806109846624	1.1939001228391992	14.805403241223374	1
