位	渭	蠄1	蠄2	蠅1	蠅2	tree_length	n_extinct
2.9559399054034636	0.4407854097072429	0.5437976650188089	1.5031446289470844	0.08404976161964717	1.4441618456085625	35.13081882506021	17
