位	渭	蠄1	蠄2	蠅1	蠅2	tree_length	n_extinct
1.4528520123286235	0.037210446094196784	0.5280585644213833	2.9141682713051935	5.810394644055622	1.5764232871098056	3.2653927389913933	0
