位	渭	蠄1	蠄2	蠅1	蠅2	tree_length	n_extinct
0.06205895223415836	0.0613204199874005	0.23860100006841717	0.5950286873483092	2.2002304069228757	3.763351817237739	2.0	0
