位	渭	蠄1	蠄2	蠅1	蠅2	tree_length	n_extinct
1.1947046520974403	0.18771139216791358	0.05233960377705329	1.738521586442786	0.9886836837136072	4.128845468513148	2.460900352213288	0
