位	渭	蠄1	蠄2	蠅1	蠅2	tree_length	n_extinct
0.5680777049408053	1.417934227466548	0.3891384521728774	0.19276277686930196	0.5459620327081357	1.0324173453678964	2.151701969397358	1
