位	渭	蠄1	蠄2	蠅1	蠅2	tree_length	n_extinct
0.8318934421125845	0.2694912783025543	1.275326322652098	0.5803816004701666	4.495140940422108	0.7480702296233749	8.949096019465346	1
