位	渭	蠄1	蠄2	蠅1	蠅2	tree_length	n_extinct
0.006490489490881959	0.8275407143732431	1.3853344872959004	0.2633638510231646	0.763521589319624	0.44064183821370406	2.0	0
