位	渭	蠄1	蠄2	蠅1	蠅2	tree_length	n_extinct
0.552360659004009	0.25607150924360267	0.5734124152977634	0.9687879415924499	0.039789063269222213	0.7370457742364999	6.244193389517482	1
