位	渭	蠄1	蠄2	蠅1	蠅2	tree_length	n_extinct
0.4057883309043929	0.17654307272440292	0.5678046997607148	0.7514456033800875	1.0528018732690099	0.42539168680762374	2.0	0
