位	渭	蠄1	蠄2	蠅1	蠅2	tree_length	n_extinct
1.350355820918085	0.48576224014977126	0.10578802913420407	2.0671832425361387	1.481915582700443	0.34519400456880606	7.753082410991115	3
