位	渭	蠄1	蠄2	蠅1	蠅2	tree_length	n_extinct
1.4515282321653815	0.8803599190091682	1.9421306926646293	2.810727474961958	0.5329529371874648	1.0444890986092448	3.331030147554151	5
