位	渭	蠄1	蠄2	蠅1	蠅2	tree_length	n_extinct
0.45670852489821867	0.06325529466921748	0.24217696854856852	0.05340113138131706	1.4844630185686714	1.663605232094197	2.0	0
