位	渭	蠄1	蠄2	蠅1	蠅2	tree_length	n_extinct
1.5293304031939614	1.4045505433955359	0.6120118583535874	1.4169586249523507	3.706608334009363	0.5901657250255826	3.245537011970093	5
