位	渭	蠄1	蠄2	蠅1	蠅2	tree_length	n_extinct
0.41588309130422463	0.1539806709952214	0.15979564474979605	0.13100172341695532	1.1824498017194114	0.24006838507890135	2.0	0
