位	渭	蠄1	蠄2	蠅1	蠅2	tree_length	n_extinct
0.733270120189235	1.3974452558061943	0.4750349709973785	1.5043002851531877	2.4390929015371423	0.16144587618065664	2.5067003082893935	2
