位	渭	蠄1	蠄2	蠅1	蠅2	tree_length	n_extinct
0.6026925218140707	0.16847359606416196	0.26149061424433556	1.3091622676887047	0.8000133823616002	2.537824892312967	2.2979519415169305	0
