位	渭	蠄1	蠄2	蠅1	蠅2	tree_length	n_extinct
0.6548475176637145	0.5215931386800564	0.374334693580188	1.9187873837401737	2.4505749563173693	4.571939155307147	2.4808063261884623	2
