位	渭	蠄1	蠄2	蠅1	蠅2	tree_length	n_extinct
1.3212716380444727	0.19662788710931403	0.680758827744625	0.697076945563486	1.4659303080379418	1.3016560380353221	3.7761513706672956	1
