位	渭	蠄1	蠄2	蠅1	蠅2	tree_length	n_extinct
0.8720328163557368	0.42341441723329365	0.5906967240660927	3.2585345365996945	0.9935824267166505	0.4854987321277217	2.0	0
