位	渭	蠄1	蠄2	蠅1	蠅2	tree_length	n_extinct
2.8548534657635276	0.09071850409202145	1.3902499256425498	1.8948377030863621	2.4920356613754118	1.5439427502557537	46.94301589720906	2
