位	渭	蠄1	蠄2	蠅1	蠅2	tree_length	n_extinct
0.19217060853181375	0.5691342880787623	1.8531209156408432	0.13095858874649793	3.435642241610747	1.0983982763743967	2.0	0
