位	渭	蠄1	蠄2	蠅1	蠅2	tree_length	n_extinct
0.9593015093602996	0.09990197361250429	0.07285382096509604	0.0095925592025143	0.604467033379577	2.0596052148586295	3.7652403195054167	0
