位	渭	蠄1	蠄2	蠅1	蠅2	tree_length	n_extinct
3.693254394214547	0.6736199467713424	0.6303563013658298	0.12025861879368153	0.8154272424864696	3.423323018416188	46.72943291739211	29
