位	渭	蠄1	蠄2	蠅1	蠅2	tree_length	n_extinct
1.115278175900631	0.24105444169274837	0.8065796092847831	0.36304956916377956	1.6345164154482523	1.338527402604658	14.82260965220966	7
