位	渭	蠄1	蠄2	蠅1	蠅2	tree_length	n_extinct
0.10348861004045946	0.10833909265285649	2.4183549302657807	0.1696607166314072	0.5974693728620399	0.398591085406783	2.0	0
