位	渭	蠄1	蠄2	蠅1	蠅2	tree_length	n_extinct
0.9302652323783209	1.4499197017165881	0.09703569402867822	0.6966507606621314	0.25503150552798504	5.436937974387025	8.5403716530158	7
