位	渭	蠄1	蠄2	蠅1	蠅2	tree_length	n_extinct
0.5568317224842397	0.8499880427536775	0.3052831972467969	0.8111683133983886	1.4276906462142664	0.7067973796738883	2.466670357636925	0
