位	渭	蠄1	蠄2	蠅1	蠅2	tree_length	n_extinct
0.1841438423893793	0.6287510005589488	0.028354069382978925	0.03137158177205507	4.426000504867086	0.5781607764792727	3.710398327974996	1
