位	渭	蠄1	蠄2	蠅1	蠅2	tree_length	n_extinct
0.398532993635328	0.41294777045928605	0.27045694197094194	0.3390681282047122	0.7082803107444317	6.003302139810324	1.9999999999999998	0
