位	渭	蠄1	蠄2	蠅1	蠅2	tree_length	n_extinct
3.6010277229721295	0.5935483605201011	0.36643636523005313	3.3326651605129975	2.935441189861403	5.134256213248167	14.444045879873782	11
