位	渭	蠄1	蠄2	蠅1	蠅2	tree_length	n_extinct
0.14513134679409026	0.3227247267982513	0.17783870845425262	2.1380721685239363	0.13788448837153597	2.454163304049453	2.0	0
