位	渭	蠄1	蠄2	蠅1	蠅2	tree_length	n_extinct
0.4438095747557643	0.04331149478216147	0.5647798411441483	0.31270645741625613	3.212051582544093	2.8265086059860747	3.10239393716145	0
