位	渭	蠄1	蠄2	蠅1	蠅2	tree_length	n_extinct
0.021639890798986115	0.2873258266550852	1.4727609401624753	0.49710059487887864	0.1612272879681378	1.625490318501946	2.0	0
