位	渭	蠄1	蠄2	蠅1	蠅2	tree_length	n_extinct
1.129583258192564	0.13114512057375868	0.13377651774737795	0.44712811375410555	2.9609488073757264	2.7725954226465936	5.270699419393806	1
