位	渭	蠄1	蠄2	蠅1	蠅2	tree_length	n_extinct
1.151772584632234	0.7170783703008906	0.5195451907741366	0.5751498525243827	8.884948019504558	1.4152580942592792	2.0	0
