位	渭	蠄1	蠄2	蠅1	蠅2	tree_length	n_extinct
0.5397302012614539	0.35425754765307993	4.759637636651363	2.1111003275867604	2.1563318871532373	3.332980976440331	3.5789569478936465	0
