位	渭	蠄1	蠄2	蠅1	蠅2	tree_length	n_extinct
1.568443307779542	0.8437747643477834	1.7560602122723257	0.3733602813871122	7.112293561702681	0.729545037916272	3.0626999905264265	2
