位	渭	蠄1	蠄2	蠅1	蠅2	tree_length	n_extinct
0.03873145465750492	0.5544461057036073	0.6019000678610333	0.6929167570786784	1.2026465770512873	1.3412945290070477	2.0	0
