位	渭	蠄1	蠄2	蠅1	蠅2	tree_length	n_extinct
0.01068322053527296	0.27362419391149	0.5554539431069057	0.43976658553910025	0.2443731983185668	2.6805625711745567	2.0	0
