位	渭	蠄1	蠄2	蠅1	蠅2	tree_length	n_extinct
0.9295401494182903	0.194293477605835	2.7249136192454766	1.522571972155964	5.4688408734577205	0.4869969153388864	13.388887061581755	3
