位	渭	蠄1	蠄2	蠅1	蠅2	tree_length	n_extinct
0.10759630058226673	0.2300450204688396	2.3253963365519894	0.5950331712703849	0.11210432432015623	1.3408492480932928	2.0	0
