位	渭	蠄1	蠄2	蠅1	蠅2	tree_length	n_extinct
2.0699963088197264	0.880052755997007	0.986906992790695	1.3262052429226687	0.5517367956717634	4.0781605392786116	8.95283570752861	8
