位	渭	蠄1	蠄2	蠅1	蠅2	tree_length	n_extinct
0.8015049940735571	0.04512647893849909	1.4736422918955583	0.7015824798277034	1.259571680930855	9.205474880083138	6.55383515957743	0
