位	渭	蠄1	蠄2	蠅1	蠅2	tree_length	n_extinct
1.0562582977419077	0.6504511247549952	1.9871669109982013	1.2850010806690282	1.825111229041925	0.01342652740160328	13.413918080467667	5
