位	渭	蠄1	蠄2	蠅1	蠅2	tree_length	n_extinct
0.4230177194743375	0.24487816231168325	3.3702241999393516	1.6393598673807008	0.01714440599589458	0.1961790510190357	2.0	0
