位	渭	蠄1	蠄2	蠅1	蠅2	tree_length	n_extinct
0.0871153884594239	0.8602882418137201	0.17800291657187978	5.048886625452337	0.38316446683251226	0.8054532866230334	2.0	0
