位	渭	蠄1	蠄2	蠅1	蠅2	tree_length	n_extinct
1.9234844681004586	0.0071102868883068425	1.0535814711348777	3.868967369711044	0.8805774748326748	1.4814725382894132	23.25266529130144	0
