位	渭	蠄1	蠄2	蠅1	蠅2	tree_length	n_extinct
2.7225501222885202	1.1656991972158062	0.8928153056369769	1.9353981177273745	0.3140420656690356	1.107568589095038	17.724424735094704	14
