位	渭	蠄1	蠄2	蠅1	蠅2	tree_length	n_extinct
1.9056284590264871	0.15080563931902197	0.8519651443675366	0.6213288355216202	2.994558473533625	1.5255101092595529	19.021738579818134	1
