位	渭	蠄1	蠄2	蠅1	蠅2	tree_length	n_extinct
0.13495300844955221	0.4530449042355092	0.1142672658180723	0.5552080605572102	1.5406260373696565	6.970752415409425	1.9999999999999998	0
