位	渭	蠄1	蠄2	蠅1	蠅2	tree_length	n_extinct
2.331567990343268	0.5430795809050315	6.6788347904481205	0.716377256874605	0.5121791099316784	4.882822744689236	11.983659777088798	7
