位	渭	蠄1	蠄2	蠅1	蠅2	tree_length	n_extinct
0.9271749502162537	0.37240508469702466	1.2489232293730117	1.336584026452381	0.5187294137277019	0.6440008039435693	2.0000000000000004	0
