位	渭	蠄1	蠄2	蠅1	蠅2	tree_length	n_extinct
0.29295101087874703	0.03742373221690525	0.055016950146214216	1.0333372432809933	1.4104113179697797	5.237405104037642	2.0000000000000004	0
