位	渭	蠄1	蠄2	蠅1	蠅2	tree_length	n_extinct
0.541452217553163	0.0571043606780486	1.7671341309234172	0.15333077420808366	2.7449128835412795	0.5482345593860347	2.55446682040282	0
