位	渭	蠄1	蠄2	蠅1	蠅2	tree_length	n_extinct
1.6841392237829742	0.2657775160506232	1.3642448031047287	2.5428374457233525	1.1662789378320786	1.4096572189036514	12.697273178694948	4
