位	渭	蠄1	蠄2	蠅1	蠅2	tree_length	n_extinct
0.8044322817022949	0.12127076821501138	2.6629588926125733	0.20960634112218132	3.5549751583069735	5.401413617804786	2.9139169004084047	2
