位	渭	蠄1	蠄2	蠅1	蠅2	tree_length	n_extinct
0.8479477819578602	0.1544564971289501	1.5272394772638607	0.35327046279703533	1.8431881133548997	4.266783320062002	8.393017283591517	0
