位	渭	蠄1	蠄2	蠅1	蠅2	tree_length	n_extinct
0.23912053443940312	0.1960816285710113	0.40761814144432235	0.12034507978229537	0.7272899979292095	4.948081060542603	2.0	0
