位	渭	蠄1	蠄2	蠅1	蠅2	tree_length	n_extinct
0.5353252306676027	0.8394342837897971	0.6156643850787169	3.8577109466726665	4.966862418918549	0.8449677156228353	5.569401403094479	1
