位	渭	蠄1	蠄2	蠅1	蠅2	tree_length	n_extinct
0.8749897318050455	0.20160184929395122	3.1304844029695857	3.61172511769293	1.4182276732633838	1.2404667849022863	3.0100634342832997	1
