位	渭	蠄1	蠄2	蠅1	蠅2	tree_length	n_extinct
1.550888949699078	0.4855377786034418	0.1182190465684329	0.45028110089401646	2.315156583475508	12.121163254532323	2.0	0
