位	渭	蠄1	蠄2	蠅1	蠅2	tree_length	n_extinct
0.3137610584141786	0.3651756327712461	0.5095256491741024	0.9841897697554274	0.5447181824731583	2.7217860339968305	8.11221188145336	5
