位	渭	蠄1	蠄2	蠅1	蠅2	tree_length	n_extinct
0.9890704558556789	0.16940472929975883	0.9645799897201083	0.4979643139294594	0.6033504488611114	0.9640558750434781	6.452593632381757	1
