位	渭	蠄1	蠄2	蠅1	蠅2	tree_length	n_extinct
0.10311643561311619	0.7208973616185171	0.5168829129045901	5.779436048600482	1.6289204223615115	2.378718841767285	2.0	0
