位	渭	蠄1	蠄2	蠅1	蠅2	tree_length	n_extinct
0.68528031736163	0.5986023893244095	0.1125272380103015	0.06374849445590343	2.7096716630659707	0.41356054350628135	2.33163688246352	2
