位	渭	蠄1	蠄2	蠅1	蠅2	tree_length	n_extinct
0.7277317129888045	1.7535869656824026	0.753587432752415	0.13979298121012285	1.084658519767625	0.8178518636174069	2.146878888336342	1
