位	渭	蠄1	蠄2	蠅1	蠅2	tree_length	n_extinct
0.5749324964936102	0.054234161413652934	4.059583171385137	0.6044887864915844	0.4701593147637344	0.585994045853466	5.447584816177841	1
