位	渭	蠄1	蠄2	蠅1	蠅2	tree_length	n_extinct
2.8487955672004324	0.13215088685995935	0.2697212438487614	1.7553770969670148	4.170234354066799	3.2137941058992205	46.78379315788881	5
