位	渭	蠄1	蠄2	蠅1	蠅2	tree_length	n_extinct
0.989387475091361	0.1341335228529211	0.0045577152505295315	2.119520883464471	2.6704806923981295	2.391022339341835	2.0	0
