位	渭	蠄1	蠄2	蠅1	蠅2	tree_length	n_extinct
0.3030651771204562	0.04400262538136288	0.7554601539388861	0.16563620407662663	2.6811214177373803	5.20426661703798	5.023241834999695	0
