位	渭	蠄1	蠄2	蠅1	蠅2	tree_length	n_extinct
0.9181666755297292	0.19344913439936035	0.8342116788017139	0.07204505401299889	4.211754075896932	0.7656638483570163	2.0	0
