位	渭	蠄1	蠄2	蠅1	蠅2	tree_length	n_extinct
0.9736122474489448	0.255319507493265	0.4756400276467074	0.3214508178366358	0.09874372380346687	4.219820961704571	5.1808764746815825	1
