位	渭	蠄1	蠄2	蠅1	蠅2	tree_length	n_extinct
0.7958151408122869	0.33908466659577813	0.07606624947702471	0.12605821843896992	0.3304347104312752	1.2271992441960633	6.166109197665703	0
