位	渭	蠄1	蠄2	蠅1	蠅2	tree_length	n_extinct
0.9897808286380907	0.9785828270901933	3.3148103974150334	0.5157907693673922	4.528360688152083	4.290447588013096	4.368930861381312	3
