位	渭	蠄1	蠄2	蠅1	蠅2	tree_length	n_extinct
1.5007177470029829	0.2188479237285557	1.2510623924214477	0.030317533111979395	0.5296126376306314	4.931963938475824	9.583680139443748	2
