位	渭	蠄1	蠄2	蠅1	蠅2	tree_length	n_extinct
1.0871004086013012	0.2288914729427594	0.14886853846256096	1.6866169140405418	2.4003273782828134	2.890044242376457	17.723276037987752	3
