位	渭	蠄1	蠄2	蠅1	蠅2	tree_length	n_extinct
1.0663140659015078	0.47666500828606095	0.4301188406295315	0.41020986671031884	2.3056847977751467	1.9076352942892174	10.681135243790639	3
