位	渭	蠄1	蠄2	蠅1	蠅2	tree_length	n_extinct
0.1694724570671406	0.07961716853102187	0.6432106204775224	0.2277575315048515	0.958921860161117	3.562004416811665	2.0	0
