位	渭	蠄1	蠄2	蠅1	蠅2	tree_length	n_extinct
3.8132954245954904	0.02823500825650314	0.11352258039286002	1.5929661903484669	6.504552654330444	1.6486858245072582	52.994046648592	2
