位	渭	蠄1	蠄2	蠅1	蠅2	tree_length	n_extinct
2.576598456794972	0.014029004238666922	1.3113908438985253	1.5416926210971658	1.555443473778573	0.47507814865042597	6.539798542557028	0
