位	渭	蠄1	蠄2	蠅1	蠅2	tree_length	n_extinct
0.5692460687728208	0.8810563722218964	0.850551185962351	1.020239306402833	0.6385534333395907	0.508065804964768	2.0	0
