位	渭	蠄1	蠄2	蠅1	蠅2	tree_length	n_extinct
1.6710890550049895	0.06881149802359919	0.771681350544615	0.38970080827512776	1.2694863635153095	2.40829691279839	4.557365557820366	0
