位	渭	蠄1	蠄2	蠅1	蠅2	tree_length	n_extinct
1.4339639240922604	0.37876423090045874	0.5350718386248774	0.7170767176362537	0.46215289071368065	0.2853327828459195	5.028180851915259	2
