位	渭	蠄1	蠄2	蠅1	蠅2	tree_length	n_extinct
0.5384649256642341	0.09440621858750617	2.745325254443361	0.363849217205037	0.28871453774004613	2.853831295373911	3.662922191299102	0
