位	渭	蠄1	蠄2	蠅1	蠅2	tree_length	n_extinct
0.969920042676566	0.02830064393061941	1.7913029126143836	0.09834842795321667	3.1641074082485714	1.9864210897046535	5.995520661059238	0
