位	渭	蠄1	蠄2	蠅1	蠅2	tree_length	n_extinct
0.337463263080941	0.12657168788913545	0.5070275567976168	0.15900556594962126	0.13067040513826683	5.333516350989015	5.710189552795536	1
