位	渭	蠄1	蠄2	蠅1	蠅2	tree_length	n_extinct
4.508059937609465	0.7667969094628575	1.153940914321651	0.09526717843037263	0.9808266895181587	0.07437068640107852	19.733186058649267	16
