位	渭	蠄1	蠄2	蠅1	蠅2	tree_length	n_extinct
1.9568210241099482	0.22493369285544668	1.8103364518791505	2.451467878417682	1.3974783355544977	1.9714031159954626	38.453808299439764	4
