位	渭	蠄1	蠄2	蠅1	蠅2	tree_length	n_extinct
0.5606601348852913	0.2959904190501358	0.2733064750266892	0.1390867307904178	2.0305652083924985	0.6454173113828172	2.865694598940975	0
