位	渭	蠄1	蠄2	蠅1	蠅2	tree_length	n_extinct
0.1764471970360126	0.0915498439531321	0.3693121379169985	1.0246354440603294	1.155072158354883	0.5181777595720284	2.0	0
