位	渭	蠄1	蠄2	蠅1	蠅2	tree_length	n_extinct
0.7876108243007426	0.1631274877233633	0.559764136080844	4.997891149312553	1.3842126838633124	0.017728693507863172	2.2250992180705564	0
