位	渭	蠄1	蠄2	蠅1	蠅2	tree_length	n_extinct
0.11556213793319636	1.2186312342498324	1.1069871070289536	1.5726989974089813	0.3791659303080551	4.459242710296096	2.6271633372028114	1
