位	渭	蠄1	蠄2	蠅1	蠅2	tree_length	n_extinct
1.7578211888004236	0.1577611943570415	0.8821043669624574	0.16758328208988338	3.552843300890376	1.7372704668628964	4.290954054222094	0
