位	渭	蠄1	蠄2	蠅1	蠅2	tree_length	n_extinct
1.299807138504711	1.136905318781015	0.15225751620123673	0.6828661885709832	3.688252383292598	1.333460098745601	10.484665522417583	15
