位	渭	蠄1	蠄2	蠅1	蠅2	tree_length	n_extinct
0.5032574902556674	0.15281846060403523	1.094809447583537	1.043250671107339	2.381541811540176	0.0029441446803414166	4.266351861709326	1
