位	渭	蠄1	蠄2	蠅1	蠅2	tree_length	n_extinct
2.1775837358400647	0.4084276556175685	1.5431742109700894	3.3368328279939603	1.670829462131628	2.3628598206218676	13.200830758105587	10
