位	渭	蠄1	蠄2	蠅1	蠅2	tree_length	n_extinct
0.02458408724564047	0.06722786595868338	0.7893231826124636	0.10721715276356902	0.1833582222657565	2.3567145875889977	2.0	0
