位	渭	蠄1	蠄2	蠅1	蠅2	tree_length	n_extinct
2.2970794205902636	3.782823084771542	3.4434397074786722	0.18399401112287103	2.4238764307252145	1.3485064397121214	5.733195494598032	13
