位	渭	蠄1	蠄2	蠅1	蠅2	tree_length	n_extinct
1.162882604682007	0.7770774818895931	0.1618607448061617	1.222083289077464	0.26552037642213583	0.7791349009698708	8.265190605651656	13
