位	渭	蠄1	蠄2	蠅1	蠅2	tree_length	n_extinct
1.177710736786455	0.8316993256126416	0.0995573014398744	0.8375420359990544	8.188486663611943	1.0551274872132816	4.438149829962689	1
