位	渭	蠄1	蠄2	蠅1	蠅2	tree_length	n_extinct
0.6789491051714904	0.9989920188428879	0.2531299616510883	0.2045625059930372	0.8098898850038181	0.6197104103707377	2.0	0
