位	渭	蠄1	蠄2	蠅1	蠅2	tree_length	n_extinct
0.719560846526022	0.03965681022950643	0.38695981332851404	1.6664443935440023	0.5812762933748682	0.5590443338717956	2.3353533267205835	0
