位	渭	蠄1	蠄2	蠅1	蠅2	tree_length	n_extinct
1.7314698229636802	0.0761243573981476	0.17607458588972305	1.2823928477803845	2.5007112318230194	0.998695249322348	2.0708861391129867	0
