位	渭	蠄1	蠄2	蠅1	蠅2	tree_length	n_extinct
0.49528446036373225	0.4785603428723898	2.5008424133188094	1.6674752351206286	1.2244082361204	0.12173996269276866	2.0	0
