位	渭	蠄1	蠄2	蠅1	蠅2	tree_length	n_extinct
2.747971367504356	0.830571004543558	0.5743664373242424	0.4009007293156235	1.0152373317993608	6.877708983391348	7.432899898505221	5
