풭	풮	풤풭	풤풮	픢풭	픢풮	픧1	픧2	픨1	픨2	tree_length	n_extinct
0.2236554528938741	0.47065699135446387	-0.19842498696865873	-0.044619068746686336	0.25035320156034396	0.349519847976542	0.6004133147036594	0.9233953126761067	43.36890833877463	5.696995073149348	2.0770000000000013	0
