位	渭	蠄1	蠄2	蠅1	蠅2	tree_length	n_extinct
0.7310303046384159	0.06780498238753628	0.6880115742498407	1.3096699920248653	1.535201620848057	1.6228792687449662	2.0	0
