位	渭	蠄1	蠄2	蠅1	蠅2	tree_length	n_extinct
1.0899143338271102	0.7077212901572711	2.061926862636469	0.975349204615154	1.0113491370914283	1.9499040060411459	3.4135456546332206	2
