位	渭	蠄1	蠄2	蠅1	蠅2	tree_length	n_extinct
0.4876624800917357	0.15833736918325972	0.40420928140924495	0.8227048800607454	0.12551167228319068	2.178865483416286	2.0	0
