位	渭	蠄1	蠄2	蠅1	蠅2	tree_length	n_extinct
1.0575769688908498	0.8850993189071099	1.0124332711311232	1.0151943872261249	3.2699129240127545	1.1162414440722017	2.560613460676214	1
