位	渭	蠄1	蠄2	蠅1	蠅2	tree_length	n_extinct
1.3393977304743798	0.28186582135683963	0.10661828763947388	0.10575608370231478	0.05982712090288523	0.16883530754456474	3.986131464650046	3
