位	渭	蠄1	蠄2	蠅1	蠅2	tree_length	n_extinct
0.09652485424955601	0.03679014550715847	2.0506168052484273	0.46835719623927435	0.47235218057433254	3.6437634131524095	2.0	0
