位	渭	蠄1	蠄2	蠅1	蠅2	tree_length	n_extinct
0.44628710491920187	0.0005279546754799106	2.9047634749723676	0.2337947767781814	0.816784013616699	0.5851892438371943	5.210531571807333	0
