位	渭	蠄1	蠄2	蠅1	蠅2	tree_length	n_extinct
1.5745830621941288	0.25266720512465896	0.3313877897394554	3.1707239023828246	1.2887767475701672	0.6970046248523589	6.313256975728943	1
