位	渭	蠄1	蠄2	蠅1	蠅2	tree_length	n_extinct
2.5320134001688475	0.1557936091615709	0.3946233596229214	0.9544938113776305	2.608579988066071	1.3401759600874068	17.98154364604264	1
