位	渭	蠄1	蠄2	蠅1	蠅2	tree_length	n_extinct
0.0636333145429815	0.06762788493527229	2.301893033648912	0.10214575916575684	0.47882455562781795	0.8686183169480405	2.0	0
