位	渭	蠄1	蠄2	蠅1	蠅2	tree_length	n_extinct
0.07338556690445146	0.30464394038026316	0.4915735097317302	0.5785338015176764	0.867460015786828	0.7445621671107803	3.7741519068153933	0
