位	渭	蠄1	蠄2	蠅1	蠅2	tree_length	n_extinct
1.8373539662593892	0.7420579370899235	0.6164367881877995	0.3521197369445574	0.4497736298817552	0.6598592277962121	17.363542234858976	11
