位	渭	蠄1	蠄2	蠅1	蠅2	tree_length	n_extinct
1.0029804139941652	0.019540304387564548	0.8769096813030438	0.3658127552366333	0.8846045193513077	1.2061369904137327	6.249653228588256	0
