位	渭	蠄1	蠄2	蠅1	蠅2	tree_length	n_extinct
1.2494556907870276	1.939862882267587	0.6247290102393898	0.48478428068959334	1.5960329217716274	2.523288711165935	5.734307534721163	4
