位	渭	蠄1	蠄2	蠅1	蠅2	tree_length	n_extinct
0.8189363379501662	0.6153273452399546	1.2582898245319005	0.3298822311902168	5.44266505084162	0.3880172201506708	2.2598462163224644	0
