位	渭	蠄1	蠄2	蠅1	蠅2	tree_length	n_extinct
1.5829727583625441	0.23465594165034415	2.773009373874715	0.1264541337044622	0.003450829048180675	1.784260731874807	36.7242656292535	5
