位	渭	蠄1	蠄2	蠅1	蠅2	tree_length	n_extinct
0.9323595445416214	0.5323896539733017	0.5050702689543305	1.0584114170135128	0.9198442130890612	0.006147485944603556	2.0	0
