位	渭	蠄1	蠄2	蠅1	蠅2	tree_length	n_extinct
0.35051077373121453	0.2548639541094163	0.1296291740772147	1.8601056315345732	3.3335760040383486	3.247268025783834	2.0	0
