位	渭	蠄1	蠄2	蠅1	蠅2	tree_length	n_extinct
0.6604036731932005	0.2219792831606093	0.1085562680048387	0.8658249524889775	3.356076692813872	0.4467202391175247	3.610169204092916	2
