位	渭	蠄1	蠄2	蠅1	蠅2	tree_length	n_extinct
1.2530195296511526	1.4348114843923656	0.015284103316873599	0.3251698481220629	1.580479185381541	0.3847067371540384	12.308047887947495	14
