位	渭	蠄1	蠄2	蠅1	蠅2	tree_length	n_extinct
1.2846871075811652	0.11455234911936732	0.2836740028043	0.5573966729497906	1.4655823454984511	0.08623915168429436	5.7728121254949505	1
