位	渭	蠄1	蠄2	蠅1	蠅2	tree_length	n_extinct
1.4149160162541479	0.06330701945150831	1.1961263766136736	1.4454196632694314	2.6045756172851866	1.1797640979982946	8.387967497189708	0
