位	渭	蠄1	蠄2	蠅1	蠅2	tree_length	n_extinct
0.11639447311980038	0.43944496458121557	2.0263922688348592	0.5834004118020889	1.3395871462310822	2.570510883595669	2.0	0
