位	渭	蠄1	蠄2	蠅1	蠅2	tree_length	n_extinct
1.379856282383736	0.027433597570090857	0.49272859990004786	0.28406186381686876	3.008314816891919	2.1932629696753816	11.757233431779564	0
