位	渭	蠄1	蠄2	蠅1	蠅2	tree_length	n_extinct
0.9497708108652207	0.375312269835853	0.5463364305697169	0.07977453441397685	2.0441118747096243	1.8195035751188078	4.291519491700299	1
