位	渭	蠄1	蠄2	蠅1	蠅2	tree_length	n_extinct
0.612398790118976	0.42490165529526636	0.1734548235801756	0.14791128537593914	11.211260671984036	2.6908485004877414	3.0970565734430178	0
