位	渭	蠄1	蠄2	蠅1	蠅2	tree_length	n_extinct
2.9864589561146833	0.7513512183612523	3.0288636151870336	1.4787800453424338	1.3539455130307363	3.971927994272463	11.0012008930329	9
