位	渭	蠄1	蠄2	蠅1	蠅2	tree_length	n_extinct
0.09201034416043402	0.16803591496693307	1.0284169399899925	1.4543378102325268	1.9856703112863088	0.8994881480903602	2.0	0
