位	渭	蠄1	蠄2	蠅1	蠅2	tree_length	n_extinct
1.7166261562080036	0.8133062264399603	1.0825834167153587	1.2260316498191235	1.7152742617900067	0.9586578289000622	2.533974466554242	2
