位	渭	蠄1	蠄2	蠅1	蠅2	tree_length	n_extinct
0.40964520704739094	0.4135400423654965	0.16452465674406463	0.2913418116876764	0.5068519176106665	0.997582898751107	3.79263498204989	0
