位	渭	蠄1	蠄2	蠅1	蠅2	tree_length	n_extinct
0.5775708580976205	0.91634427223837	0.3673243429848666	2.2918048740029566	0.5162651667844866	0.9659147740722246	2.624252825581678	2
