位	渭	蠄1	蠄2	蠅1	蠅2	tree_length	n_extinct
0.08270290051180845	0.06370974353298733	3.1344628719850642	0.06642800848699881	1.2756422583889055	0.8662226152450405	3.821799320108455	0
