位	渭	蠄1	蠄2	蠅1	蠅2	tree_length	n_extinct
3.9669496935403754	0.2464474278222569	1.0956987574233816	1.6529847884004305	3.9430900876802526	3.685150217711121	3.014810693538535	3
