位	渭	蠄1	蠄2	蠅1	蠅2	tree_length	n_extinct
0.8142237208520714	0.1568012036215944	5.773672587509833	0.309129501112284	1.537384528412331	2.243773891477162	14.530227024082935	0
