位	渭	蠄1	蠄2	蠅1	蠅2	tree_length	n_extinct
1.9814647257731228	1.3260011716040987	0.03042269319117001	0.04959133532396441	5.079791718045328	0.156456032966711	5.359082123970796	10
