位	渭	蠄1	蠄2	蠅1	蠅2	tree_length	n_extinct
0.3418776868876664	0.6346998536322728	0.2777465098118788	1.6342862952769839	0.19716979058563003	1.908688222142	6.627015092036485	1
