位	渭	蠄1	蠄2	蠅1	蠅2	tree_length	n_extinct
1.2355933121849414	1.6522541568480342	1.9331655502921474	0.018451599427361166	7.042476062122537	1.8744362273227893	7.34500843582414	14
