位	渭	蠄1	蠄2	蠅1	蠅2	tree_length	n_extinct
1.1949163570748353	0.03557530462449419	1.896482133088765	0.039372674718018356	2.7629856904348156	2.1666452079535388	20.954941813225155	1
