位	渭	蠄1	蠄2	蠅1	蠅2	tree_length	n_extinct
0.11969423585574615	0.364123322724653	1.9246569960181363	0.0477864120733806	3.246444133426455	0.1938626864412584	2.0	0
