位	渭	蠄1	蠄2	蠅1	蠅2	tree_length	n_extinct
2.5789761403282188	1.4851538514209928	0.004494782199341209	0.6523156500537345	4.468446908810436	1.9011613511915753	41.96436136556425	56
