位	渭	蠄1	蠄2	蠅1	蠅2	tree_length	n_extinct
1.1832242923108791	0.24434457121519276	0.41875501496408674	0.9616644485684802	0.1391795794403203	1.3087393329689898	5.636145985809927	1
