位	渭	蠄1	蠄2	蠅1	蠅2	tree_length	n_extinct
0.7220846897439042	0.0665008447402775	2.3653641467225976	1.2256142722425547	1.0443274211104598	3.951074465217558	3.482936233628313	0
