位	渭	蠄1	蠄2	蠅1	蠅2	tree_length	n_extinct
1.101295970447685	0.44198808820069496	2.248473996817527	0.08709644084660759	1.1694398365236436	7.773944995182065	6.008180899278331	2
