位	渭	蠄1	蠄2	蠅1	蠅2	tree_length	n_extinct
0.17769534491883113	1.6243257209184878	1.3405599620373803	0.8478583312462177	2.510874273583628	0.10756707628509109	4.117127885241565	1
