位	渭	蠄1	蠄2	蠅1	蠅2	tree_length	n_extinct
0.8781719757605488	1.2161329087118704	0.804052856866461	0.01165870840707306	0.7091275939204473	1.6065470394056292	6.305363865815673	4
