位	渭	蠄1	蠄2	蠅1	蠅2	tree_length	n_extinct
0.36642975754229906	0.37319961011663905	2.357598183643395	0.5484940751609371	3.0526444610345886	2.142634083615543	2.0	0
