位	渭	蠄1	蠄2	蠅1	蠅2	tree_length	n_extinct
0.17110945912096748	0.2363049558716168	0.5791557585683291	1.1342445176097469	1.0283764592102886	0.6240099942322784	2.0	0
