位	渭	蠄1	蠄2	蠅1	蠅2	tree_length	n_extinct
0.09646081793070822	0.4780889073822129	0.9465608337262157	0.5143335347067415	0.26298389554261475	0.7537649832508138	2.0	0
