位	渭	蠄1	蠄2	蠅1	蠅2	tree_length	n_extinct
1.4515762558532885	0.6705356807288444	0.5506631053416668	1.0634648058488934	2.0368355263448565	0.11303930032452582	7.553884889308281	4
