位	渭	蠄1	蠄2	蠅1	蠅2	tree_length	n_extinct
1.171889103495947	0.43507981687510966	1.2569105382850971	0.9434027461989231	2.2687772367806196	1.530077323467205	9.340713855434755	4
