位	渭	蠄1	蠄2	蠅1	蠅2	tree_length	n_extinct
0.04120975319686151	0.9339990675239401	1.1375045243951123	0.16839218697530103	1.0090499094491032	0.2098044061785632	2.0	0
