位	渭	蠄1	蠄2	蠅1	蠅2	tree_length	n_extinct
0.03015651392353232	0.1669192673181994	1.9481215455801688	0.9676833805901147	3.8480704520306364	3.445405049460221	2.0	0
