位	渭	蠄1	蠄2	蠅1	蠅2	tree_length	n_extinct
1.1570149673588106	0.07339582470893137	0.19773688845138632	1.1469114424765454	0.18743171684952697	2.6077137843641554	12.115514563900613	0
