位	渭	蠄1	蠄2	蠅1	蠅2	tree_length	n_extinct
0.8757229093622391	0.07635027885539959	0.0817754051642322	1.2315951631519801	0.809142964552634	0.5258627446356212	5.310275788543713	0
