位	渭	蠄1	蠄2	蠅1	蠅2	tree_length	n_extinct
1.856247262251296	0.19960456787883057	2.4453232371286355	1.7741952695842476	1.6220882959623542	1.3079671849763708	31.23291135252282	3
