位	渭	蠄1	蠄2	蠅1	蠅2	tree_length	n_extinct
1.0359009633627072	0.47271846759877195	1.1953546394113284	0.12884517993139416	1.0168485051599108	1.1899969115779756	9.97228702392959	4
