位	渭	蠄1	蠄2	蠅1	蠅2	tree_length	n_extinct
0.6551813394693294	0.31235429484206617	0.9073750900195339	2.111715235549251	1.8287886075268711	4.198664888973764	2.4059360367303375	2
