位	渭	蠄1	蠄2	蠅1	蠅2	tree_length	n_extinct
0.6167387266678612	0.01703346288906354	0.0970129394876882	0.6174243815306395	1.0040807424457063	0.3123071991441618	7.11669960568934	1
