位	渭	蠄1	蠄2	蠅1	蠅2	tree_length	n_extinct
0.44009082454765386	0.3624848107313361	0.07389624370098043	0.21905867901193474	5.132776068997494	1.5089808963017175	6.967388853905946	1
