位	渭	蠄1	蠄2	蠅1	蠅2	tree_length	n_extinct
1.2878351307638245	0.331877290050701	1.9395753952402464	0.04034583294840411	4.548295449604376	3.875357119726694	4.384797473814051	0
