位	渭	蠄1	蠄2	蠅1	蠅2	tree_length	n_extinct
0.6559609022156547	0.04233598912747495	1.0954231426705021	0.4967704546066387	0.6967152807367801	5.625864925963659	2.710528862558885	1
