位	渭	蠄1	蠄2	蠅1	蠅2	tree_length	n_extinct
1.9080780665178554	0.6057684589823192	0.14829123136913097	2.6799880723076304	0.05552307067247238	0.3563269392027535	8.840483789387289	5
