位	渭	蠄1	蠄2	蠅1	蠅2	tree_length	n_extinct
1.117205699091042	0.35143597191940196	0.3072578730417103	0.1042827623944642	1.0565624871092847	4.1439404447135635	11.786088596038645	4
