位	渭	蠄1	蠄2	蠅1	蠅2	tree_length	n_extinct
1.0186122855415167	0.033205753204080424	0.5316683283695229	1.2075437741730615	0.7225671506412991	1.059391581826518	3.457380260204519	0
