位	渭	蠄1	蠄2	蠅1	蠅2	tree_length	n_extinct
1.6074397477579043	0.6378374854571129	0.3454966018079153	0.4402789206150023	0.05148867002038004	1.6237683840966592	2.0	0
