位	渭	蠄1	蠄2	蠅1	蠅2	tree_length	n_extinct
0.20966631978882527	0.4134145255665137	1.5716070873813144	0.26120332630117593	1.1709302775458266	3.556378461721897	2.0	0
