풭	풮	풤풭	풤풮	픢풭	픢풮	픧1	픧2	픨1	픨2	tree_length	n_extinct
4.392176725385069	0.09851624590912121	0.0029374059047839927	0.11104290112572082	0.3287765684901072	0.3119510274893105	1.1933331791093138	1.559602192655991	11.17328987985981	18.17839834251908	8.269000000000004	1
