位	渭	蠄1	蠄2	蠅1	蠅2	tree_length	n_extinct
0.7462714918852741	0.5961770685829979	0.8708614327446204	0.7823010135075873	1.108583170728312	0.7052277520503065	4.293622175834319	1
