位	渭	蠄1	蠄2	蠅1	蠅2	tree_length	n_extinct
1.8547288890164333	0.43083849153332854	0.4702326073058576	0.39920658961428684	0.60371356725185	0.41029781797112475	21.80714583944294	11
