位	渭	蠄1	蠄2	蠅1	蠅2	tree_length	n_extinct
0.9395952402038378	0.13030210905718564	0.255960849716673	0.12501603746334947	2.038202732515835	5.853499221156952	6.733014035486637	1
