位	渭	蠄1	蠄2	蠅1	蠅2	tree_length	n_extinct
1.2584446996902658	0.023649568120114345	0.7560981508114277	2.0243983791301825	1.1406104120425617	2.4979543696276827	9.236083383215854	0
