位	渭	蠄1	蠄2	蠅1	蠅2	tree_length	n_extinct
0.4046693402259685	1.0195014034494376	0.05488992160426296	0.4702620374538044	0.1939350194520598	1.685186692260711	2.217988105759319	1
