位	渭	蠄1	蠄2	蠅1	蠅2	tree_length	n_extinct
1.1068249561531953	0.8644760945558164	1.5147278672275764	2.329222649973337	0.6001774629992257	1.173747894806988	5.178022619493435	5
