位	渭	蠄1	蠄2	蠅1	蠅2	tree_length	n_extinct
2.321612519157332	0.6514982697224955	0.7074680983610758	0.16707325644504772	5.351766888167216	0.7625420251839614	7.17018356879998	5
