位	渭	蠄1	蠄2	蠅1	蠅2	tree_length	n_extinct
0.03883879897867785	0.11387551484235993	0.20631665145570977	2.5635003992513448	2.612115114046764	1.195454492889163	2.0	0
