位	渭	蠄1	蠄2	蠅1	蠅2	tree_length	n_extinct
0.6767612705640221	0.37929391887357927	0.23248691782275133	0.5165829174413528	1.1928023825181704	5.072047918498537	2.0	0
