位	渭	蠄1	蠄2	蠅1	蠅2	tree_length	n_extinct
1.6835882563812228	1.1384692470432196	0.006639829480821966	0.12936322009060056	0.6701182247943913	1.0739736591447422	12.831098466680533	6
