位	渭	蠄1	蠄2	蠅1	蠅2	tree_length	n_extinct
1.1941675450588451	0.040941845943948826	0.33172177966871563	0.5901578488608795	2.563011092521129	2.032297444913292	4.312903484707077	0
