位	渭	蠄1	蠄2	蠅1	蠅2	tree_length	n_extinct
1.393937091140938	0.0661661777438235	0.42704150988701384	0.2951632802255976	2.595322439355265	1.1869354146822715	4.239398527260746	1
