位	渭	蠄1	蠄2	蠅1	蠅2	tree_length	n_extinct
0.6106729088328753	0.14613989541297803	1.4623809773411338	0.429985269748424	4.857504839429235	1.8299646652659425	3.269567899655617	0
