位	渭	蠄1	蠄2	蠅1	蠅2	tree_length	n_extinct
0.18123809055058784	0.00386488935784673	1.7534640720208146	0.4547511117045191	0.07650339601491973	0.23867299735650993	2.0	0
