位	渭	蠄1	蠄2	蠅1	蠅2	tree_length	n_extinct
0.5601234987631781	0.21912036998604897	0.07729737208339159	0.19947164806274564	4.2035538513037185	0.39599684089963616	8.599426540437397	2
