풭	풮	풤풭	풤풮	픢풭	픢풮	픧1	픧2	픨1	픨2	tree_length	n_extinct
1.093416915100093	0.09474109751152755	-0.047229141856718754	-0.10908486022354616	0.31983228164310806	0.42696250228755156	1.8704263250077011	2.3941885756026	1.7616180123765108	21.79091570573941	4.243000000000003	0
