位	渭	蠄1	蠄2	蠅1	蠅2	tree_length	n_extinct
0.6310275041311482	0.055102261320739025	0.7430181408837745	0.09805083962587756	0.4492161953150288	0.4490234414521888	7.916359043134982	0
