位	渭	蠄1	蠄2	蠅1	蠅2	tree_length	n_extinct
0.3415866008988102	0.3093638978586444	0.8425403818525188	5.930866948192766	2.768299001104926	0.15584839861596972	1.9999999999999998	0
