位	渭	蠄1	蠄2	蠅1	蠅2	tree_length	n_extinct
0.5232462119855916	0.012117970002691518	0.5062801321736351	0.7184351944431973	1.0283946354977878	1.534563759278372	2.0	0
