位	渭	蠄1	蠄2	蠅1	蠅2	tree_length	n_extinct
0.372374065597678	0.11717447669867746	0.24738259698760925	1.1034452687740244	0.6202800728402937	0.31502605057211946	2.2118249199048123	0
