位	渭	蠄1	蠄2	蠅1	蠅2	tree_length	n_extinct
1.0495351431229036	0.3898695157745247	0.5781810300863143	0.7027105108527903	3.7353787946251473	7.876157438787878	2.6259473862146008	0
