位	渭	蠄1	蠄2	蠅1	蠅2	tree_length	n_extinct
0.19479252650552398	0.4982887977520975	0.6834820072523949	0.48831956164287665	0.20536122577513496	0.4355320607606873	2.0	0
