位	渭	蠄1	蠄2	蠅1	蠅2	tree_length	n_extinct
0.7572477660353878	0.041868803985807126	4.345844374927237	3.1437003542936397	1.0439997180493092	0.04148135164094212	3.3214661125734657	0
