位	渭	蠄1	蠄2	蠅1	蠅2	tree_length	n_extinct
0.9912871563553871	0.5886412160673761	0.555209027447769	0.12111429756369883	1.4404552796226873	0.05426430601837016	2.240585809332282	1
