位	渭	蠄1	蠄2	蠅1	蠅2	tree_length	n_extinct
0.10258184541520393	0.019498828880449362	0.39841889773735645	2.5139059347314396	4.084022383039704	0.09380623877770662	2.0	0
