位	渭	蠄1	蠄2	蠅1	蠅2	tree_length	n_extinct
0.5965717059329091	0.8485928352689763	0.29883252669094434	1.0609304904135684	1.5731876028111276	5.308738723122405	1.9999999999999998	0
