位	渭	蠄1	蠄2	蠅1	蠅2	tree_length	n_extinct
0.6031790589608707	0.12298156914094335	0.18266224114034302	0.7809563913328065	0.5633355722373943	2.510897050131957	1.9999999999999998	0
