位	渭	蠄1	蠄2	蠅1	蠅2	tree_length	n_extinct
0.7241954135959642	0.1223943385626176	3.301593174540055	0.6962516556598703	0.3007689466013792	0.6741654225684862	5.315232486512865	4
