位	渭	蠄1	蠄2	蠅1	蠅2	tree_length	n_extinct
0.6780673667192854	1.0248897478839967	1.2927365760924916	1.9155569511138877	1.8010426172343865	0.8898099614222104	2.419173601463855	3
