位	渭	蠄1	蠄2	蠅1	蠅2	tree_length	n_extinct
3.322037106034701	0.3003149225466179	2.4819387643995228	1.3262767565939215	1.633638886938819	4.793379831461965	26.524097205096275	16
