位	渭	蠄1	蠄2	蠅1	蠅2	tree_length	n_extinct
0.496082039659096	0.604750057980421	0.46649477067532863	0.5183510098122793	4.254512249764614	3.758852272562833	2.5567623242973085	1
