位	渭	蠄1	蠄2	蠅1	蠅2	tree_length	n_extinct
0.36027091585127424	0.7022433129976917	3.3814809803734316	0.24857664794054726	1.1389230718701833	0.5959967874286807	2.0	0
