位	渭	蠄1	蠄2	蠅1	蠅2	tree_length	n_extinct
0.4418292548039992	0.07901170600416493	1.1702300742959422	2.0801410787805295	0.26117742462568244	0.051443000497406605	2.0	0
