位	渭	蠄1	蠄2	蠅1	蠅2	tree_length	n_extinct
0.14975754390405474	0.12831363650629937	1.702589612853959	0.2066557821819613	0.30735560325319544	1.0483552205647937	3.6012917942423757	0
