位	渭	蠄1	蠄2	蠅1	蠅2	tree_length	n_extinct
1.7409051379562495	0.6742642008678095	0.6521624045660691	0.19466304429969478	0.8416059097425872	2.4520766762292214	15.857224329151006	18
