位	渭	蠄1	蠄2	蠅1	蠅2	tree_length	n_extinct
1.42958512181424	0.7238514474432566	0.932859354260174	0.24858826611300172	1.1602212938882928	4.030254065452449	18.583336039775038	13
