位	渭	蠄1	蠄2	蠅1	蠅2	tree_length	n_extinct
0.3913743665753138	0.5274195653006085	0.8081216054023388	2.1523387969079417	0.7420868600798983	0.18702131194694677	2.0	0
