位	渭	蠄1	蠄2	蠅1	蠅2	tree_length	n_extinct
1.8860295153376299	0.5665369363571657	1.0682841880245644	0.4423798329232771	0.9022455140483813	5.54867018749322	2.8857968211191265	1
