位	渭	蠄1	蠄2	蠅1	蠅2	tree_length	n_extinct
0.6992694691942267	0.9463367776250993	0.32627749980359855	0.1353745119825334	0.35903179856672196	2.139202661190938	2.0	0
