位	渭	蠄1	蠄2	蠅1	蠅2	tree_length	n_extinct
1.1843595657843284	0.18110843816630467	0.3314772980365176	3.713708964104868	1.5180024035927768	1.1654188461975872	25.42261107219603	6
