位	渭	蠄1	蠄2	蠅1	蠅2	tree_length	n_extinct
0.5729699815385249	0.03295668813812732	0.9191482429990212	0.359095089837271	3.3233851098585725	6.883781771469614	6.157502171453572	0
