位	渭	蠄1	蠄2	蠅1	蠅2	tree_length	n_extinct
0.6560301094986529	0.22035553099282493	1.6492639658196497	1.0100059986279055	0.9179954209670059	2.3011462037932704	4.427819107704879	0
