位	渭	蠄1	蠄2	蠅1	蠅2	tree_length	n_extinct
1.5792932244344156	0.20819391494263698	1.102036935001933	0.05472781315070902	4.736645266360651	2.6373340631321933	8.274615081147546	2
