位	渭	蠄1	蠄2	蠅1	蠅2	tree_length	n_extinct
0.005290076869626243	0.20440988807993557	2.1028845383700814	0.24049224484004356	0.26495828230140606	0.6964086483417499	2.0	0
