位	渭	蠄1	蠄2	蠅1	蠅2	tree_length	n_extinct
0.6327862252106796	0.9225200730774911	0.4434357159451158	4.758340753167434	3.1283791521399062	1.6602746443552632	2.9042399483177173	1
