位	渭	蠄1	蠄2	蠅1	蠅2	tree_length	n_extinct
2.18252062649546	0.21230134884308724	0.65316673718766	0.7872049554944618	1.3784045904719986	0.8428469791042279	9.750850359524986	2
