位	渭	蠄1	蠄2	蠅1	蠅2	tree_length	n_extinct
1.2168671551819141	0.36172168586903275	1.2775137735184352	6.57989995140711	0.2567571934537979	0.8118945161247503	21.220622170778682	9
