位	渭	蠄1	蠄2	蠅1	蠅2	tree_length	n_extinct
2.390438839945285	0.08005920635428124	0.012252010579820807	0.9723932307896062	1.6075267020394108	0.3442480031107319	5.302090417348968	0
