位	渭	蠄1	蠄2	蠅1	蠅2	tree_length	n_extinct
1.6203695431986211	0.7041278176543883	0.4164552762685461	1.37924028120592	1.1195989574806042	7.3841317542295934	5.678665602562205	0
