位	渭	蠄1	蠄2	蠅1	蠅2	tree_length	n_extinct
1.3606277646876	0.2625435397161041	2.094279114759893	0.8239019521235791	2.849652601481847	1.0793490246974622	14.642526560794474	5
