位	渭	蠄1	蠄2	蠅1	蠅2	tree_length	n_extinct
0.8837855009244818	0.4000514638019507	2.1422446817095824	0.7376114581044111	2.470168639136655	0.07945057569110371	5.344903598235854	3
