位	渭	蠄1	蠄2	蠅1	蠅2	tree_length	n_extinct
0.5914842538524028	0.4384575753819604	0.9566325873552064	0.04035929268728852	1.3724688098211315	0.6533295355557613	6.977531768587161	2
