位	渭	蠄1	蠄2	蠅1	蠅2	tree_length	n_extinct
0.735554226257112	0.7722786689381305	1.1546920669802663	0.07424427745368081	1.570653450413685	3.580882311940844	2.7580462024966863	1
