位	渭	蠄1	蠄2	蠅1	蠅2	tree_length	n_extinct
0.577837884561544	0.45397983791857005	0.8020685236719716	0.1909694700880508	0.039719688123042295	2.939781117903438	2.0	0
