位	渭	蠄1	蠄2	蠅1	蠅2	tree_length	n_extinct
2.8769689894933257	1.3924769746801628	0.7398937141228972	0.4650218825059942	0.21921801633976437	1.2808664888591699	4.580200996369029	5
