位	渭	蠄1	蠄2	蠅1	蠅2	tree_length	n_extinct
1.582313808243905	0.3070811252586507	0.16904560948740047	4.583018499284816	1.9397565099533878	4.659858588495294	12.568297786761315	3
