位	渭	蠄1	蠄2	蠅1	蠅2	tree_length	n_extinct
0.3450076216041994	0.5073790352804024	0.48065704109744906	2.8521110797898146	0.6955655433419163	0.12069166578865034	2.0	0
