位	渭	蠄1	蠄2	蠅1	蠅2	tree_length	n_extinct
1.1973468637561027	1.362816914011278	1.6348154109593316	0.40563521629446936	1.7088854450750646	1.5828972554893446	7.76443685108793	10
