位	渭	蠄1	蠄2	蠅1	蠅2	tree_length	n_extinct
1.0768354693402782	0.3500585883873026	0.13783641591342757	0.8521042137112931	1.6062851546019419	4.332910000873752	9.894858330934024	2
