位	渭	蠄1	蠄2	蠅1	蠅2	tree_length	n_extinct
0.198744380844933	0.9695008373550891	0.6516598807156369	0.11348689389637201	1.5020663727579389	1.1843806292076036	3.6339708230069125	0
