位	渭	蠄1	蠄2	蠅1	蠅2	tree_length	n_extinct
0.2552446030385754	0.2522532354697574	1.2424496782109875	1.232167924803429	2.302066761651511	0.5688562999616406	3.0983953599651044	1
