位	渭	蠄1	蠄2	蠅1	蠅2	tree_length	n_extinct
1.9911628784047335	1.019573698182276	0.12712921150334497	0.04252074993080603	1.2114428091326603	3.2262359421210385	15.239658686195584	17
