位	渭	蠄1	蠄2	蠅1	蠅2	tree_length	n_extinct
0.6068376201877862	0.32121995417829413	0.041907694248206284	0.7417349069144402	1.0269215950157287	1.931701216992397	3.027922666122511	0
