位	渭	蠄1	蠄2	蠅1	蠅2	tree_length	n_extinct
0.018357162677112047	0.347857449411733	0.49893156727422233	0.28053258414253135	2.3631436092255145	1.9783757178867931	2.0	0
