位	渭	蠄1	蠄2	蠅1	蠅2	tree_length	n_extinct
0.08543840997266397	0.05390331492101798	0.3191252337123546	0.06294548466746158	5.502509112907111	0.9867688622435784	2.0	0
