位	渭	蠄1	蠄2	蠅1	蠅2	tree_length	n_extinct
0.44940637658605936	0.022045330129519203	1.4985056582840723	0.5321577174446601	1.0223138724068295	2.960016338560467	2.0	0
