位	渭	蠄1	蠄2	蠅1	蠅2	tree_length	n_extinct
1.740449158663037	0.24133622360814244	1.47659204756635	0.7488539320288008	1.398375809550943	1.925625374429788	18.557377117999803	4
