位	渭	蠄1	蠄2	蠅1	蠅2	tree_length	n_extinct
1.946961205427367	0.3381289562655614	0.20061434656608748	1.3478142693061261	3.0999967525506937	1.3964358600626325	13.724371941438227	2
