位	渭	蠄1	蠄2	蠅1	蠅2	tree_length	n_extinct
1.095503276784154	0.18626516560505046	1.5740196603619805	0.2611974746838168	0.6803410891686072	0.6726668482623362	2.2757648826024193	2
