位	渭	蠄1	蠄2	蠅1	蠅2	tree_length	n_extinct
0.13752618358873428	0.5296761201083368	0.007960051071790427	3.1986810219707476	0.7682685101072936	4.671732956550153	3.703385873075806	2
