位	渭	蠄1	蠄2	蠅1	蠅2	tree_length	n_extinct
1.5171690969314873	1.5076728987749635	1.236343954999352	1.1071571021082058	0.2464865549762953	4.939486493979123	2.984180666843252	2
