位	渭	蠄1	蠄2	蠅1	蠅2	tree_length	n_extinct
1.1045300364876622	0.45082905283547364	0.19599345434204396	0.8653906777907286	1.9086665059873873	0.660940341688111	6.561449858098285	3
