位	渭	蠄1	蠄2	蠅1	蠅2	tree_length	n_extinct
1.5293430771906518	0.075393034991036	0.7306977778845937	1.260395812942148	0.11068327740831281	2.9473502660917514	13.462785726672896	2
