位	渭	蠄1	蠄2	蠅1	蠅2	tree_length	n_extinct
0.25042658879921015	0.5240584304663386	1.514171419872397	0.024064820492438143	2.648376579741869	0.08795903618832139	2.0	0
