位	渭	蠄1	蠄2	蠅1	蠅2	tree_length	n_extinct
0.25277843669051114	1.849040617075695	1.3242933174447	0.09858783530684892	0.8766640924492789	5.695688057237419	2.2521044154264107	1
