位	渭	蠄1	蠄2	蠅1	蠅2	tree_length	n_extinct
0.5944044786796753	0.7818025754021223	4.459154539313192	1.0659830604324563	1.8482391036824857	3.963478693748182	2.0	0
