位	渭	蠄1	蠄2	蠅1	蠅2	tree_length	n_extinct
2.8555045933261005	0.8374891864863744	2.9705805134860572	0.8152975409119951	0.003242449412911054	1.8543633753745454	32.98461456713108	38
