位	渭	蠄1	蠄2	蠅1	蠅2	tree_length	n_extinct
2.102557409744569	0.3390229140132206	0.057642301977086974	0.03317962401419352	8.537872371929527	1.3602071752517917	3.9589669380083743	1
