位	渭	蠄1	蠄2	蠅1	蠅2	tree_length	n_extinct
0.40009149113793846	0.4140093338350609	0.5362144527834016	1.507171359038291	0.4548041390210995	3.60493845871902	2.280992269015793	1
