位	渭	蠄1	蠄2	蠅1	蠅2	tree_length	n_extinct
1.9754547176631854	0.8829874641442922	2.6617997100750976	0.49528339711792935	1.3737068419808096	1.9944680905786114	30.295605738621163	27
