位	渭	蠄1	蠄2	蠅1	蠅2	tree_length	n_extinct
0.21328099412156734	0.16632665132955687	0.0026226670078048357	1.1248041144728433	6.171294384098582	9.29976485358502	2.54125873776142	1
