位	渭	蠄1	蠄2	蠅1	蠅2	tree_length	n_extinct
1.0447978132339126	1.4591061087985557	1.4575741694152538	0.6769142372992605	1.3054812589614124	1.9671777210691583	2.014201845955457	1
