位	渭	蠄1	蠄2	蠅1	蠅2	tree_length	n_extinct
2.855219437618075	1.2958954666999631	0.6740536530124727	0.5181217731054717	0.6713638249381529	1.8246336295870103	9.239445897209295	15
