位	渭	蠄1	蠄2	蠅1	蠅2	tree_length	n_extinct
2.431505462431917	0.5628635847537699	6.765710645578012	4.566375533640035	0.3964237213759759	0.3954772305611345	6.231389711429038	3
