位	渭	蠄1	蠄2	蠅1	蠅2	tree_length	n_extinct
0.9506169900951861	0.9191177195324667	0.3849453250227024	1.271912940726897	1.7984231494587974	2.6565896904729134	2.0	0
