位	渭	蠄1	蠄2	蠅1	蠅2	tree_length	n_extinct
0.0925803952620549	0.34005929680822744	0.045872408785190076	2.4028329889028486	1.773319514398996	0.5819986379977936	2.0	0
