位	渭	蠄1	蠄2	蠅1	蠅2	tree_length	n_extinct
2.4226498357896125	2.7153570012113564	0.7679265587944024	0.1684964988072423	3.495432815370562	1.0680824956679722	8.65383284931071	27
