位	渭	蠄1	蠄2	蠅1	蠅2	tree_length	n_extinct
1.3135546346243023	0.004871396029842931	0.2566781890006168	1.9613166197629044	1.045348000695167	0.011904952811050968	3.218262876995173	0
