位	渭	蠄1	蠄2	蠅1	蠅2	tree_length	n_extinct
2.0432869970367826	0.7864495119599505	0.5002498601755502	0.8261417073349091	0.3325095986663171	3.160357061942232	15.08583655634789	10
