位	渭	蠄1	蠄2	蠅1	蠅2	tree_length	n_extinct
0.04495522374166209	0.09802176948071506	1.1437200453033396	1.6913484694116683	3.320881868185214	0.45076329988087344	2.0	0
