位	渭	蠄1	蠄2	蠅1	蠅2	tree_length	n_extinct
1.363653476319862	0.20033648858978392	3.2480227326096953	0.19328758172074606	0.7677350137870852	2.4487544389770544	21.74152537712192	4
