位	渭	蠄1	蠄2	蠅1	蠅2	tree_length	n_extinct
0.4030945150344554	0.5523307503795819	0.5288679178676896	1.403861920687811	0.26336516362959395	6.720314239399096	2.0	0
