풭	풮	풤풭	풤풮	픢풭	픢풮	픧1	픧2	픨1	픨2	tree_length	n_extinct
2.0681565632366934	1.1708462088812013	0.0333001315866814	-0.04866575863540563	0.35094948981053004	0.4317752833350257	0.9349659975406573	1.423301649648923	3.8470244348437177	14.966972773270196	4.507000000000003	6
