位	渭	蠄1	蠄2	蠅1	蠅2	tree_length	n_extinct
1.5461182801371114	0.9381866336819921	0.5328252657896106	1.2714337315152473	1.354429398380601	0.4671502612191893	3.062181733586622	3
