位	渭	蠄1	蠄2	蠅1	蠅2	tree_length	n_extinct
1.3925550458081895	1.4712212279459416	0.8577811503624908	0.1906066880154643	0.8526449780729697	2.2941990906517336	6.044067148057604	9
