位	渭	蠄1	蠄2	蠅1	蠅2	tree_length	n_extinct
0.8996545266773853	0.1790536514801938	1.6389409095554976	2.2019542516618174	1.2987109726487298	0.918914076673825	3.2984118390408597	1
