位	渭	蠄1	蠄2	蠅1	蠅2	tree_length	n_extinct
0.06844302930888	0.6824536143942114	2.8236837653618765	1.0800144475728617	0.6917085001048078	1.9276868256729482	2.0	0
