位	渭	蠄1	蠄2	蠅1	蠅2	tree_length	n_extinct
2.494114587358409	0.10076575781368828	0.6889096088927463	0.27640841245104725	5.409872535998812	2.782077251221526	9.374083984988392	1
