位	渭	蠄1	蠄2	蠅1	蠅2	tree_length	n_extinct
1.7707248354378693	0.1646433899236269	0.7179227850727196	0.12197606243880886	0.3965537283294448	0.40373664103356566	19.037022550237015	3
