位	渭	蠄1	蠄2	蠅1	蠅2	tree_length	n_extinct
0.10834056407468597	0.2039294946110655	2.0349517382444096	1.3366581226837404	1.2883787426721314	2.6837601780011	2.0	0
