位	渭	蠄1	蠄2	蠅1	蠅2	tree_length	n_extinct
0.9271498941573327	0.39633454023187453	1.951216783171954	1.3185059262292431	2.1154008517813923	0.034435191063895795	15.396043005680959	7
