位	渭	蠄1	蠄2	蠅1	蠅2	tree_length	n_extinct
2.3149722101397896	0.7136399176796192	1.4313266692931437	1.170452745961523	3.2366754744076203	0.5136545507547966	15.118500100171309	8
