位	渭	蠄1	蠄2	蠅1	蠅2	tree_length	n_extinct
0.394090548851538	0.10164823110287259	0.4280031795740181	1.2845259394470483	1.7533229102679306	3.2924012423433875	2.0	0
