位	渭	蠄1	蠄2	蠅1	蠅2	tree_length	n_extinct
0.017311787850775893	0.3242259247287992	0.38607007301578367	0.9301914192818032	0.07062249445531116	6.429135565808279	2.0	0
