位	渭	蠄1	蠄2	蠅1	蠅2	tree_length	n_extinct
1.0631955938084579	0.2078133256293428	0.5658208441045699	0.09249466762575104	0.34523166975863223	0.5799067169926903	6.405510053454478	3
