位	渭	蠄1	蠄2	蠅1	蠅2	tree_length	n_extinct
2.421878511985934	0.7659464632602112	0.1908934692752826	0.9933294916866455	3.024508389171293	2.12452696974843	15.376502363462029	7
