位	渭	蠄1	蠄2	蠅1	蠅2	tree_length	n_extinct
0.2832997665333181	0.5513065786868917	0.2677459313827435	0.28671389449187507	4.222638882909919	4.555040136230969	2.0	0
