位	渭	蠄1	蠄2	蠅1	蠅2	tree_length	n_extinct
2.0318598839789757	0.3771537120250893	0.06753360992862247	1.248639469534633	0.05967842771412933	6.977630618652567	4.032542170200188	1
