位	渭	蠄1	蠄2	蠅1	蠅2	tree_length	n_extinct
1.218149653884039	1.624584450147875	1.488404343956322	3.351858619010203	3.480678246773608	1.071068589591264	3.645500704262427	5
