位	渭	蠄1	蠄2	蠅1	蠅2	tree_length	n_extinct
1.3229317659424298	0.1794187794905472	0.025519253571279994	1.8082126042549334	0.0964911070079008	0.728206810936239	3.2821871517937096	0
