位	渭	蠄1	蠄2	蠅1	蠅2	tree_length	n_extinct
0.5258140324672684	0.3965872830086362	0.5439759741993195	0.7333332864302602	1.002308551902484	0.038758729872853254	2.5276896132653603	1
