位	渭	蠄1	蠄2	蠅1	蠅2	tree_length	n_extinct
0.2484791331669846	0.625604098845743	0.14893256879452585	1.967892443729624	5.423137168951862	0.825547713783852	3.334954260758055	1
