位	渭	蠄1	蠄2	蠅1	蠅2	tree_length	n_extinct
0.5125708073224752	0.5688773201624506	0.8258211962151032	1.0905120186800632	4.057198107704744	0.0020874516084334726	2.799519121473819	1
