位	渭	蠄1	蠄2	蠅1	蠅2	tree_length	n_extinct
0.3697381193566753	0.36421169734662406	0.9789963182536282	1.3067028367350093	1.1156561303664259	2.452213224546655	2.0	0
