位	渭	蠄1	蠄2	蠅1	蠅2	tree_length	n_extinct
0.5093763851469948	0.6438446358501092	1.5530876200758144	1.898147494951952	0.029066268069694576	7.358650178709867	2.0	0
