位	渭	蠄1	蠄2	蠅1	蠅2	tree_length	n_extinct
0.3446031873758481	0.2763869653274689	1.425689329244482	0.016547996882025157	2.8713289199402103	4.134716778450847	2.0	0
