位	渭	蠄1	蠄2	蠅1	蠅2	tree_length	n_extinct
0.24083265919756447	0.1156907277789928	0.3998139760709649	2.5990441032850433	1.6738328740109512	0.17882918101486778	2.0	0
