位	渭	蠄1	蠄2	蠅1	蠅2	tree_length	n_extinct
2.531986505493465	0.15496303458244162	0.8844548773234323	2.721827222243314	0.5348382970498562	0.23350239742459306	39.59392599884262	6
