位	渭	蠄1	蠄2	蠅1	蠅2	tree_length	n_extinct
0.4181772214391427	0.19499204671715717	0.411072674070721	1.2752507831032323	1.300235568039879	1.4554588617715	2.0	0
