位	渭	蠄1	蠄2	蠅1	蠅2	tree_length	n_extinct
0.23473806722551852	1.4215113259115046	0.8498651439175126	0.18561512111648662	0.2559145224829171	1.220751204074634	3.723709488297989	3
