位	渭	蠄1	蠄2	蠅1	蠅2	tree_length	n_extinct
1.2804387952857792	0.2574739388192909	1.0383593126667152	0.7379768813333965	7.773020271297762	0.5689619632848667	13.857003847996335	3
