位	渭	蠄1	蠄2	蠅1	蠅2	tree_length	n_extinct
1.6132743459716787	0.3933772690276845	1.3083900893165696	5.245499382499914	1.97880669950161	1.1711944211755494	20.950547341822908	11
