位	渭	蠄1	蠄2	蠅1	蠅2	tree_length	n_extinct
0.8192831866157826	0.17489472772067652	0.5131213317419362	1.5504863955176313	0.5544872478344813	1.5565787708283412	2.0	0
