位	渭	蠄1	蠄2	蠅1	蠅2	tree_length	n_extinct
0.5343088133177788	0.37903966896611707	2.875198218086034	1.969618124493255	5.159469449662583	2.4631273140540877	8.61757169552772	6
