位	渭	蠄1	蠄2	蠅1	蠅2	tree_length	n_extinct
1.8658914278658205	0.8934485380189015	0.8359886096314421	0.4014579104742258	0.25380569868636693	2.0791010570965254	6.094868651000643	3
