位	渭	蠄1	蠄2	蠅1	蠅2	tree_length	n_extinct
0.45866799934497193	0.37660186247300453	0.6758575641265173	0.1257186687313974	0.18758844098694336	5.487815769420537	3.3188614755304586	2
