位	渭	蠄1	蠄2	蠅1	蠅2	tree_length	n_extinct
1.8434826489985872	0.2263339853419635	0.4389407466366282	0.2241711242317276	1.3037600304768777	0.4832945320999384	11.396259636891163	4
