位	渭	蠄1	蠄2	蠅1	蠅2	tree_length	n_extinct
1.8357990465628378	0.6149306335506505	0.19629650362674317	0.010395386457560886	1.3983472867061555	3.476507157197546	4.3438707086392405	2
