位	渭	蠄1	蠄2	蠅1	蠅2	tree_length	n_extinct
0.6372982278564318	0.21570893858964552	1.0119014983201684	1.0229870409236572	3.124087729729832	0.1510331542982035	3.7270092137530852	1
