位	渭	蠄1	蠄2	蠅1	蠅2	tree_length	n_extinct
1.4933572906415833	0.7102498626747428	0.5985937547593325	0.2746852585551577	1.4200432429541048	2.4968933600127645	18.778986131099824	19
