位	渭	蠄1	蠄2	蠅1	蠅2	tree_length	n_extinct
1.3199379043719932	1.132993818974142	0.13029224610398266	0.6122522618687154	4.693851739132086	0.770763725063071	5.782409690797379	5
