位	渭	蠄1	蠄2	蠅1	蠅2	tree_length	n_extinct
1.0283601189195255	0.23780686652324154	0.06598165557715975	0.46496443245629765	4.273487315899005	2.754902999411141	3.8527614617012764	0
