位	渭	蠄1	蠄2	蠅1	蠅2	tree_length	n_extinct
1.4125595093523207	1.4694106586738251	0.12547180131723587	0.02048494557315937	4.726642923426015	0.18105325278958564	3.7144892237838305	0
