位	渭	蠄1	蠄2	蠅1	蠅2	tree_length	n_extinct
0.015733050457726896	0.02070473791415403	1.3471484562019442	1.0704819254975424	1.2016837462011565	1.0132569095533046	2.0	0
