位	渭	蠄1	蠄2	蠅1	蠅2	tree_length	n_extinct
3.8246698077577372	2.207812647935683	0.6759683658307599	1.059050432320423	0.7639042606584443	3.6532248071643703	41.18338973329979	84
