位	渭	蠄1	蠄2	蠅1	蠅2	tree_length	n_extinct
0.39110447050850217	1.130450274419333	0.710317494694222	1.0222186256615162	0.3986336004818775	2.1012251294244093	2.2202350038338157	0
