位	渭	蠄1	蠄2	蠅1	蠅2	tree_length	n_extinct
1.4660706570918756	0.048723762796267445	0.4818418446674299	0.476742588061702	1.875716929498864	1.465539412494125	10.166122568825175	0
