位	渭	蠄1	蠄2	蠅1	蠅2	tree_length	n_extinct
0.8084045296669213	0.6664193907115123	0.23332359197251756	1.2186890962834902	1.6882818854120583	0.9256366797344892	5.945420024775497	2
