位	渭	蠄1	蠄2	蠅1	蠅2	tree_length	n_extinct
2.732073595393491	1.6101237194585363	1.5999401446478168	0.8595912891204137	0.8204314812563387	3.3149779113257187	16.00726420810429	25
