位	渭	蠄1	蠄2	蠅1	蠅2	tree_length	n_extinct
2.020424261799404	0.5695265285031692	0.5440475859244326	0.10856280581631576	1.6409436602383185	1.0065334028050523	4.588423324407044	2
