位	渭	蠄1	蠄2	蠅1	蠅2	tree_length	n_extinct
0.18292091062500043	0.040031647596643	0.9051986266566759	0.8654439227764151	2.401021246823953	1.0802583351995165	1.9999999999999998	0
