位	渭	蠄1	蠄2	蠅1	蠅2	tree_length	n_extinct
1.246187709139378	0.25792499173122935	0.15101297613083314	0.5716406471137329	0.9491367406353795	2.4538751090819875	5.894229754048636	1
