位	渭	蠄1	蠄2	蠅1	蠅2	tree_length	n_extinct
0.1748700788477027	0.24449048783621805	1.3438752954266602	1.3564783358402384	1.4100778078517886	6.046569412187404	2.647634746464374	0
