位	渭	蠄1	蠄2	蠅1	蠅2	tree_length	n_extinct
0.646696790247661	0.012534289363073785	0.8175853301417493	1.4872297523957239	0.043479818134849656	3.725508334438882	3.9066448557964	0
