位	渭	蠄1	蠄2	蠅1	蠅2	tree_length	n_extinct
0.2330037593352934	0.0677907704308052	0.1990101385386135	0.35428946995450145	0.06714166312592278	0.9191975288995131	3.124614387687246	0
