位	渭	蠄1	蠄2	蠅1	蠅2	tree_length	n_extinct
1.7715773720032695	0.8415343368372012	2.125843228340744	0.2656017860192274	2.5563703804555193	2.326059963813018	14.170182201265211	11
