位	渭	蠄1	蠄2	蠅1	蠅2	tree_length	n_extinct
0.416348762392841	0.12707070899752673	0.7625756094573721	0.4328037253614472	1.3949579640987064	0.3474358446389447	2.0	0
