位	渭	蠄1	蠄2	蠅1	蠅2	tree_length	n_extinct
0.4535381414224525	0.17132417024567698	2.5870037813135083	1.1897194407428402	0.5736631480768294	0.4702686860651724	2.0	0
