位	渭	蠄1	蠄2	蠅1	蠅2	tree_length	n_extinct
0.5589778199622907	0.34699785725024235	0.491989512422384	0.2888233962624964	0.07452734679215367	1.0671567473739716	2.0	0
