位	渭	蠄1	蠄2	蠅1	蠅2	tree_length	n_extinct
2.432768633670513	0.09079075188941652	0.9104320382794633	0.20330334343983464	2.3422792785841406	5.753421843421026	21.77514320464094	3
