位	渭	蠄1	蠄2	蠅1	蠅2	tree_length	n_extinct
0.3262005060250451	0.7412336295429073	0.7795615278077572	0.005887438123593228	3.594471124307132	0.2869432151245134	3.0228671038880535	1
