位	渭	蠄1	蠄2	蠅1	蠅2	tree_length	n_extinct
1.7405647097860497	0.29140407770858834	1.5980456189074705	0.35031943544984195	3.006694343058296	1.9786610710640158	11.829881908208849	2
