位	渭	蠄1	蠄2	蠅1	蠅2	tree_length	n_extinct
2.822194072375744	0.5083427240294948	0.45435840994490184	0.7224389448089359	4.033554289749909	1.7988709107589962	43.19453689132873	17
