位	渭	蠄1	蠄2	蠅1	蠅2	tree_length	n_extinct
0.9208479056172345	0.9968188912320363	1.2853823253213665	0.45714974369875805	3.157084608437266	0.5623862508364039	5.673317438117291	2
