位	渭	蠄1	蠄2	蠅1	蠅2	tree_length	n_extinct
0.5297996427549767	0.35704017199478805	2.0531892004291943	2.895531887878262	4.754909989240928	1.450656427673466	5.419369493141577	3
