位	渭	蠄1	蠄2	蠅1	蠅2	tree_length	n_extinct
1.6686680635817053	0.8984713362347426	1.256998648822283	1.6591202382044945	0.4019114876279097	0.9754661619871143	2.606043670554	1
