位	渭	蠄1	蠄2	蠅1	蠅2	tree_length	n_extinct
1.817346031855241	0.8408511798789723	0.03273460804560011	3.403183923781046	3.625453897927822	0.7822335390469681	2.4278547097392758	1
