位	渭	蠄1	蠄2	蠅1	蠅2	tree_length	n_extinct
0.2847136433909912	0.6032032812440048	2.7345655325653473	1.5776221248257372	1.0361684846032824	6.755060176530597	2.321091213032008	1
