位	渭	蠄1	蠄2	蠅1	蠅2	tree_length	n_extinct
1.6152952179535618	0.20861671785368643	2.0840400372041437	0.9058106067119138	0.5591577371351728	1.1677013918218857	22.77907774722876	3
