位	渭	蠄1	蠄2	蠅1	蠅2	tree_length	n_extinct
1.765370802523633	0.02973761885039737	1.109264489773018	0.6124653137494785	4.724531809523038	3.3775145483506295	2.969075650023725	0
