位	渭	蠄1	蠄2	蠅1	蠅2	tree_length	n_extinct
0.09591976665283905	0.5033217499585619	0.2911680184549787	0.644607722789559	2.397949098004712	0.8071996161514594	2.0	0
