位	渭	蠄1	蠄2	蠅1	蠅2	tree_length	n_extinct
0.4559569347861188	0.3545674488772156	2.2588909012979315	2.914228996217194	9.575196885426337	4.31230235010581	4.297062653419992	3
