位	渭	蠄1	蠄2	蠅1	蠅2	tree_length	n_extinct
2.0760457230865996	0.06504814517924577	0.4738376767879514	0.17626967470661428	1.8843144088952393	0.17555955545055932	4.201485822454863	0
