位	渭	蠄1	蠄2	蠅1	蠅2	tree_length	n_extinct
0.25882223139694877	1.1250596392817909	1.0219551142117453	0.07918253152235005	3.0099303012882284	5.04857208884809	2.004816406184043	1
