位	渭	蠄1	蠄2	蠅1	蠅2	tree_length	n_extinct
0.08514199497258318	0.562989168293721	0.9332110152544698	1.4253249369046794	1.0448244463513847	11.240968984269584	2.0	0
