位	渭	蠄1	蠄2	蠅1	蠅2	tree_length	n_extinct
0.9282072294605179	0.01427563559837581	1.211492444500602	1.5487413060237634	0.5562204631274503	3.1291919479909653	17.243760624735735	0
